Symbol,Company Name,Market cap,Beta,P/E,Price,Volume,Annual Return,Cluster
NESTLEIND.NS,Nestl√© India Limited,2419889446450,0.042,79.86,2509.85,2028038,0.3844,3
IDFCFIRSTB.NS,IDFC First Bank Limited,546719880000,0.903,18.37,77.25,97310059,0.3722,1
KARURVYSYA.NS,The Karur Vysya Bank Limited,155266778900,0.859,9.92,194.05,3173706,0.8161,1
IBREALEST.NS,Indiabulls Real Estate Limited,79886813692,1.165,-6.92,126.8,13184531,1.3957,1
GMRP&UI.NS,GMR Power And Urban Infra Limited,38780913472,0.571,-9.62,64.25,6149127,1.6288,0
KERNEX.NS,Kernex Microsystems (India) Limited,6015786630,0.057,-30.59,358.95,55514,1.3729,0
BASML.NS,Bannari Amman Spinning Mills Ltd,2912139288,0.844,-24.97,42.2,115422,0.0559,1
SMLT.NS,Sarthak Metals Limited,2742751430,0.519,20.81,200.35,31304,0.3543,0
SBILIFE.NS,SBI Life Insurance Company Limited,1392212952000,0.594,75.48,1390.1,1238106,0.3661,0
RVNL.NS,Rail Vikas Nigam Limited,736637566000,1.319,50.6,353.3,59032955,2.756,1
HBLPOWER.NS,HBL Power Systems Limited,127371102500,0.702,47.62,459.5,1688338,3.7812,1
THANGAMAYL.NS,Thangamayil Jewellery Limited,34898546520,1.057,29.36,1271.85,32961,1.5899,1
PARAS.NS,Paras Defence and Space Technologies Limited,32364199791,0.244,111.58,829.85,1329170,0.3446,0
PSPPROJECT.NS,PSP Projects Limited,27079232265,0.433,18.88,622.1,98233,0.0304,0
BAJAJHCARE.NS,Bajaj HealthCare Limited,7908321520,0.589,-56.37,286.55,28280,0.0102,1
LGBFORGE.NS,LGB Forge Limited,2155728100,1.297,-39.79,9.05,385475,0.0788,1
MADHAV.NS,Madhav Marbles and Granites Limited,382484250,0.85,-25.93,42.75,6720,0.0013,1
ZOMATO.NS,Zomato Limited,1622400762000,0.221,462.88,183.8,57186414,2.5532,4
ISEC.NS,ICICI Securities Limited,229490413950,0.797,13.65,709.05,531335,0.7985,1
PNCINFRA.NS,PNC Infratech Limited,120675945600,0.777,14.34,470.4,2748906,0.5012,1
BLKASHYAP.NS,B.L. Kashyap and Sons Limited,16209136000,0.582,32.88,71.9,2722143,1.2867,0
AXITA.NS,Axita Cotton Limited,5217560000,0.016,25.51,20.0,1547433,-0.5102,0
NAGREEKEXP.NS,Nagreeka Exports Limited,912478141,0.909,8.84,28.05,50205,0.066,1
FLFL.NS,Future Lifestyle Fashions Limited,403550000,1.073,-0.02,2.0,125644,-0.5684,1
NAGREEKCAP.NS,Nagreeka Capital & Infrastructure Ltd.,276905835,-0.477,-1.02,21.95,15159,-0.3608,0
SHANTI.NS,Shanti Overseas (India) Limited,163258200,0.3,-1.32,14.7,12834,-0.1527,0
MANYAVAR.NS,Vedant Fashions Limited,257068503470,-0.356,62.53,1058.45,152770,-0.1596,0
TITAGARH.NS,Titagarh Rail Systems Limited,161325707915,1.218,53.03,1120.1,7303063,2.6308,1
WABAG.NS,VA Tech Wabag Limited,58804132720,1.365,26.56,945.55,910989,1.1813,1
ACLGATI.NS,Allcargo Gati Limited,12640956600,0.523,0.0,97.05,208137,-0.0447,0
ASIANHOTNR.NS,Asian Hotels (North) Limited,2754160483,0.472,-2.96,132.15,557,0.165,0
JHS.NS,JHS Svendgaard Laboratories Limited,1560096320,0.809,-38.94,19.9,31655,0.1138,1
LIBAS.NS,Libas Consumer Products Limited,459713270,0.286,46.03,17.45,64280,0.8794,0
HUDCO.NS,Housing and Urban Development Corporation Limited,466542795000,1.353,24.04,233.05,37552508,3.3902,1
ESABINDIA.NS,ESAB India Limited,85979910450,0.413,54.37,5585.65,10813,0.4894,0
MPSLTD.NS,MPS Limited,33381968700,1.232,28.53,1951.5,116651,0.56,1
MAANALU.NS,Maan Aluminium Limited,7509688365,1.191,23.15,138.85,275087,2.1318,1
MALLCOM.NS,Mallcom (India) Limited,6376032000,0.79,17.65,1021.8,5147,0.3439,1
GTLINFRA.NS,GTL Infrastructure Limited,18570585000,0.919,-2.98,1.45,42980947,1.4615,1
ARIHANTSUP.NS,Arihant Superstructures Limited,14772885195,0.615,31.87,316.75,96402,0.6322,0
SPAL.NS,S.P. Apparels Limited,14635258950,0.755,16.32,583.25,23833,0.7882,1
DHANBANK.NS,Dhanlaxmi Bank Limited,10512648600,0.726,18.08,41.55,1551698,1.8448,1
ROHLTD.NS,Royal Orchid Hotels Limited,8850112040,0.725,18.77,322.7,80390,0.3087,1
ORBTEXP.NS,Orbit Exports Limited,4500781370,-0.126,13.62,170.05,28577,0.198,0
MBECL.NS,McNally Bharat Engineering Company Limited,843543659,0.445,-0.11,4.4,103900,0.4769,0
PAYTM.NS,One97 Communications Limited,216074094719,-0.959,-15.63,339.85,7401723,-0.3604,0
LAXMIMACH.NS,Lakshmi Machine Works Limited,167846488650,0.392,45.55,15711.55,9980,0.4991,0
RPOWER.NS,Reliance Power Limited,99253614457,1.351,-3.55,23.5,42714971,1.8392,1
SAGCEM.NS,Sagar Cements Limited,30724535972,0.627,-66.04,214.0,377308,0.1313,1
LOKESHMACH.NS,Lokesh Machines Limited,7370974800,1.079,53.06,398.5,65168,2.4067,1
ELGIRUBCO.NS,Elgi Rubber Company Limited,3435932500,0.575,-132.59,68.65,79553,0.7705,1
MARALOVER.NS,Maral Overseas Limited,2799714600,0.752,-29.17,67.45,25684,0.3242,1
BPCL.NS,Bharat Petroleum Corporation Limited,1260551175000,1.0,4.72,581.1,23686633,0.8191,1
TVSMOTOR.NS,TVS Motor Company Limited,1117309606600,0.374,65.98,2351.8,1794115,1.0013,0
KPIL.NS,Kalpataru Projects International Limited,179429729300,0.782,37.44,1104.55,186353,0.9649,1
KOTAKNIFTY.NS,Kotak Nifty 50 ETF,21650436796,0.0,26.46,235.18,32634,0.3043,0
HIMATSEIDE.NS,Himatsingka Seide Limited,12026546980,0.551,11.36,122.15,220888,0.7736,0
MOKSH.NS,Moksh Ornaments Limited,759290415,-0.233,12.41,14.15,30503,0.9266,0
SFL.NS,Sheela Foam Limited,97131639200,0.352,51.01,893.6,58449,-0.0227,0
GULFOILLUB.NS,Gulf Oil Lubricants India Limited,43083810500,0.729,15.28,876.25,184490,1.4093,1
NIPPOBATRY.NS,Indo National Limited,4190625000,0.496,45.1,558.75,20878,0.8603,0
SAH.NS,Sah Polymers Limited,2348725800,0.0,259.31,91.05,32460,0.2708,0
RKEC.NS,RKEC Projects Limited,2054794890,0.896,17.18,85.65,57065,1.042,1
HFCL.NS,HFCL Limited,129984567000,0.906,40.52,90.1,23486917,0.5321,1
TRIVENI.NS,Triveni Engineering & Industries Limited,71710984800,0.83,17.76,327.6,573458,0.1448,1
DBL.NS,Dilip Buildcon Limited,58902712750,0.993,32.08,402.85,615687,1.7001,1
MARINE.NS,Marine Electricals (India) Limited,13461855346,0.549,80.04,103.9,804420,1.5337,0
WSI.NS,W.S. Industries (India) Limited,6268383237,0.11,14.7,132.8,247100,3.6083,0
SHIVAMAUTO.NS,Shivam Autotech Limited,4069992600,0.781,-8.37,33.3,183858,0.7565,1
PPAP.NS,PPAP Automotive Limited,2666300000,0.238,-20.85,190.45,21510,0.1528,0
MADHUCON.NS,Madhucon Projects Limited,653084865,0.917,-1.51,8.85,73265,1.7206,1
BKMINDST.NS,BKM Industries Limited,122548680,1.389,-0.44,1.8,16996,1.1176,1
GREENPOWER.NS,Orient Green Power Company Limited,18731828400,0.768,48.9,19.1,7448163,1.2945,1
KECL.NS,Kirloskar Electric Company Limited,11798464865,1.011,85.68,177.65,602115,0.5353,1
ZODIAC.NS,Zodiac Energy Limited,8953445790,0.077,164.89,611.85,2236,3.2614,0
TRF.NS,TRF Limited,6069807750,1.117,15.5,551.55,22639,1.5319,1
SGIL.NS,Synergy Green Industries Limited,4539969000,-0.051,39.96,321.3,12958,1.8633,0
AARON.NS,Aaron Industries Limited,2837796270,0.505,43.98,257.05,13755,0.4461,0
HCG.NS,HealthCare Global Enterprises Limited,48695784000,0.306,104.09,349.6,101845,0.2559,0
SAKSOFT.NS,Saksoft Limited,24530749320,0.481,27.82,244.3,175137,0.8168,0
KBCGLOBAL.NS,KBC Global Limited,1559760000,0.898,-5.5,1.6,3180425,-0.2391,1
SIKKO.NS,Sikko Industries Limited,1451520000,0.449,48.69,86.4,19582,-0.1193,0
BANARBEADS.NS,Banaras Beads Limited,563746889,0.185,20.75,84.95,3036,0.1354,0
3MINDIA.NS,3M India Limited,373445950570,0.293,66.0,33150.7,4936,0.3593,0
JWL.NS,Jupiter Wagons Limited,223463348000,0.911,72.4,542.0,5879823,3.1684,1
WELCORP.NS,Welspun Corp Limited,128897163707,0.765,12.02,492.6,1929693,1.602,1
AMIORG.NS,Ami Organics Limited,40765926996,-0.233,99.31,1105.35,147594,0.2119,0
GEPIL.NS,GE Power India Limited,20020349500,0.978,-12.29,297.8,482070,1.5807,1
STCINDIA.NS,The State Trading Corporation of India Ltd.,7770000000,0.917,11.2,129.5,66212,0.8838,1
SHRADHA.NS,Shradha Infraprojects Limited,1645263750,0.69,12.42,81.25,110065,0.8736,1
TATACONSUM.NS,Tata Consumer Products Limited,1088518704000,0.493,92.13,1142.4,6088993,0.5767,0
ASHOKA.NS,Ashoka Buildcon Limited,50558212300,1.246,10.51,180.1,2709046,1.0922,1
TFL.NS,Transwarranty Finance Limited,1053245475,0.673,195.0,21.55,6020,0.1732,0
NAVKARCORP.NS,Navkar Corporation Limited,13900429650,0.562,257.43,92.35,631647,0.7063,0
CONSOFINVT.NS,Consolidated Finvest & Holdings Limited,6243844160,0.722,14.05,193.15,49136,1.2225,1
LPDC.NS,Landmark Property Development Company Limited,1160336950,0.48,-10.11,8.65,88380,0.3826,0
CEREBRAINT.NS,Cerebra Integrated Technologies Limited,852894461,0.546,-1.57,6.75,81171,-0.1656,0
JUBLFOOD.NS,Jubilant FoodWorks Limited,350113757000,0.288,85.28,530.6,7763019,0.0419,0
GESHIP.NS,The Great Eastern Shipping Company Limited,150283682550,0.791,5.83,1052.65,916575,0.5832,1
RBLBANK.NS,RBL Bank Limited,147974943600,1.164,12.09,244.2,10951417,0.7585,1
BUTTERFLY.NS,Butterfly Gandhimathi Appliances Limited,12823249120,0.672,177.11,717.2,13270,-0.3847,0
MMP.NS,MMP Industries Limited,6905696810,0.366,24.38,271.85,48518,1.4876,0
IZMO.NS,IZMO Limited,3910878560,0.862,15.79,277.1,148679,1.404,1
ALMONDZ.NS,Almondz Global Securities Limited,3166537167,0.013,8.81,107.3,37711,0.7608,0
AMJLAND.NS,AMJ Land Holdings Limited,1560050000,0.595,14.26,38.05,66094,0.5513,0
NATCOPHARM.NS,NATCO Pharma Limited,181832472000,0.505,13.4,1015.2,1696695,0.7327,0
THEJO.NS,Thejo Engineering Limited,26146823400,0.474,50.52,2443.4,12084,0.9588,0
TTKHLTCARE.NS,TTK Healthcare Limited,20164644615,0.631,31.49,1427.05,4164,0.4023,1
ONMOBILE.NS,OnMobile Global Limited,6947619900,0.584,47.94,65.35,599813,-0.0468,0
SPMLINFRA.NS,SPML Infra Limited,6435698926,1.071,39.82,125.85,170314,6.2173,1
AXISBANK.NS,Axis Bank Limited,3658873120000,0.882,14.04,1184.5,21038016,0.2261,3
IIFLSEC.NS,IIFL Securities Limited,55385273300,0.86,11.18,179.9,1541827,1.5579,1
ASHAPURMIN.NS,Ashapura Minechem Limited,31054956645,0.881,11.67,339.45,163971,2.3597,1
XCHANGING.NS,Xchanging Solutions Limited,12583081800,0.809,94.23,112.95,327396,1.4673,1
SBC.NS,SBC Exports Limited,9507927000,0.231,102.33,29.95,2373515,0.65,0
JAGSNPHARM.NS,Jagsonpal Pharmaceuticals Limited,8626311000,0.994,39.26,326.25,44516,-0.0519,1
BEARDSELL.NS,Beardsell Limited,1472971950,-0.34,18.9,37.35,46199,0.8568,0
ACC.NS,ACC Limited,450989259200,0.345,20.0,2401.6,662576,0.5239,0
GLENMARK.NS,Glenmark Pharmaceuticals Limited,333983607400,0.876,-17.53,1183.55,935293,1.1546,1
GOODLUCK.NS,Goodluck India Limited,25627245170,0.468,18.73,836.75,72553,1.0565,0
SURYODAY.NS,Suryoday Small Finance Bank Limited,20364041750,0.014,9.72,191.75,506810,0.7081,0
NITINSPIN.NS,Nitin Spinners Limited,17684001000,0.543,13.9,314.55,150225,0.4686,0
SUULD.NS,Suumaya Industries Limited,425793641,0.388,-0.05,6.45,757643,-0.4188,0
TORNTPOWER.NS,Torrent Power Limited,691800109800,0.476,38.54,1439.4,567637,1.5909,0
KAYNES.NS,Kaynes Technology India Limited,185394362035,0.37709296,103.63,2900.5,770449,1.9646,0
KIRLOSBROS.NS,Kirloskar Brothers Limited,123218790130,0.741,39.43,1551.7,210306,1.8573,1
SHAKTIPUMP.NS,Shakti Pumps (India) Limited,52112294002,0.574,32.37,2379.25,322430,2.2659,0
MACPOWER.NS,Macpower CNC Machines Limited,13533681760,0.193,76.25,1352.8,10091,2.8884,0
FCSSOFT.NS,FCS Software Solutions Limited,6154380000,2.147,-52.86,3.6,6750810,0.9211,1
CYBERTECH.NS,CyberTech Systems and Software Limited,4406536430,0.954,18.88,141.55,99946,0.4371,1
JAYSREETEA.NS,Jay Shree Tea & Industries Limited,2676654576,0.647,22.09,98.1,30371,0.1824,1
ZENITHSTL.NS,Zenith Steel Pipes & Industries Limited,1024416000,0.031,-246.67,7.2,303463,1.1127,0
LTIM.NS,LTIMindtree Limited,1387940416439,0.667,30.58,4688.85,456985,0.0783,1
LTTS.NS,L&T Technology Services Limited,488992600350,0.479,38.02,4623.65,224798,0.6369,0
NLCINDIA.NS,NLC India Limited,281279924000,0.646,16.24,202.85,10064880,2.0594,1
PITTIENG.NS,Pitti Engineering Limited,27665646320,0.819,32.09,863.2,83014,1.8113,1
MBAPL.NS,Madhya Bharat Agro Products Limited,19527654665,-0.154,80.12,222.85,86062,-0.1528,0
XELPMOC.NS,Xelpmoc Design and Tech Limited,1606198320,0.958,-12.08,109.8,29165,0.3213,1
TOTAL.NS,Total Transport Systems Limited,1465137859,0.425,164.56,90.85,16781,-0.2368,0
BEL.NS,Bharat Electronics Limited,1903101223000,0.37,51.23,260.35,193451456,1.1655,3
NCLIND.NS,NCL Industries Limited,9562213920,0.357,10.64,211.4,356567,0.031,0
OSWALSEEDS.NS,ShreeOswal Seeds and Chemicals Limited,2190706500,-0.666,38.71,23.95,35004,-0.4711,0
CYBERMEDIA.NS,Cyber Media (India) Limited,364262400,-0.196,11.06,23.25,7112,0.5709,0
JSL.NS,Jindal Stainless Limited,639150247000,1.051,24.09,776.2,2456159,1.4684,1
GMRINFRA.NS,GMR Infrastructure Limited,493438912500,0.763,-91.67,81.75,71648477,1.0711,1
LTF.NS,L&T Finance Limited,390531424077,1.057,0.0,156.85,5257181,0.9858,1
ASTRAZEN.NS,AstraZeneca Pharma India Limited,150311250000,0.38,95.1,6012.45,14974,0.6701,0
EVERESTIND.NS,Everest Industries Limited,16829388510,0.558,96.32,1065.9,22198,0.4165,0
BCONCEPTS.NS,Brand Concepts Limited,7558057920,-0.013,70.77,678.9,14349,2.146,0
SAMBHAAV.NS,Sambhaav Media Limited,888666150,0.614,65.71,4.65,152985,1.125,0
SYRMA.NS,Syrma SGS Technology Limited,77808902802,1.3686587,75.27,438.15,1710763,0.7958,1
GRAVITA.NS,Gravita India Limited,73169818315,0.846,31.04,1059.85,225396,1.1015,1
HGS.NS,Hinduja Global Solutions Limited,36862685720,0.631,29.5,792.4,21005,-0.2625,1
SOMANYCERA.NS,Somany Ceramics Limited,29377029220,1.108,31.55,716.45,42997,0.1838,1
SKYGOLD.NS,Sky Gold Limited,15978624120,-0.233,34.94,1207.1,35501,2.4247,0
DLINKINDIA.NS,D-Link (India) Limited,14633303320,0.606,16.08,412.15,354850,0.2427,0
ZEELEARN.NS,Zee Learn Limited,2347869600,0.686,1.46,7.2,195655,0.8636,1
ASHIANA.NS,Ashiana Housing Limited,35324485000,0.663,44.24,351.4,95384,0.6307,1
VINDHYATEL.NS,Vindhya Telelinks Limited,25136351445,1.101,9.11,2121.05,23566,0.2975,1
JYOTISTRUC.NS,Jyoti Structures Limited,21258447349,0.419,61.75,24.1,3460284,2.9866,0
HITECHGEAR.NS,The Hi-Tech Gears Limited,16711659090,1.443,15.39,889.95,18182,2.0737,1
RADHIKAJWE.NS,Radhika Jeweltech Limited,6773200000,-0.204,14.38,57.4,509249,1.2828,0
UMAEXPORTS.NS,Uma Exports Limited,3046265683,0.483,29.39,90.1,30022,1.4311,0
RICOAUTO.NS,Rico Auto Industries Limited,16721226000,0.996,44.84,123.6,1791821,1.1168,1
KIRIINDUS.NS,Kiri Industries Limited,15283313870,0.548,12.06,294.85,128030,0.0561,0
CSLFINANCE.NS,CSL Finance Limited,9237205170,0.565,14.67,405.45,25914,1.2997,0
AUTOIND.NS,Autoline Industries Limited,4488560640,0.598,29.76,115.2,139842,0.5787,0
ORIENTELEC.NS,Orient Electric Limited,49564921800,0.15,66.77,232.3,1463298,-0.2852,0
KSL.NS,Kalyani Steels Limited,34123628270,1.005,14.41,781.7,53623,1.9712,1
JAYBARMARU.NS,Jay Bharat Maruti Limited,11193050000,0.899,35.44,103.4,228013,1.283,1
VIKASLIFE.NS,Vikas Lifecare Limited,8210726377,1.183,61.88,4.75,18203053,0.4265,1
SOMATEX.NS,Soma Textiles & Industries Limited,1106605500,-0.457,5.39,33.5,26432,-0.0943,0
OMKARCHEM.NS,Omkar Speciality Chemicals Limited,134785900,-0.005,-1.03,6.55,26071,-0.3661,0
ZFCVINDIA.NS,ZF Commercial Vehicle Control Systems India Limited,318722066600,-0.032,80.76,16803.5,5149,0.49,0
MCX.NS,Multi Commodity Exchange of India Limited,178874229349,0.344,219.15,3507.45,1063612,1.2458,0
GLS.NS,Glenmark Life Sciences Limited,102506088200,0.128,22.03,836.6,62582,1.1583,0
SHREDIGCEM.NS,Shree Digvijay Cement Company Ltd.,15109217500,0.36,17.55,102.5,1143570,0.6205,0
KELLTONTEC.NS,Kellton Tech Solutions Limited,9102179520,1.831,14.74,93.45,755584,1.323,1
SALONA.NS,Salona Cotspin Limited,1504257040,0.503,18.25,285.85,4393,0.3811,0
PALREDTEC.NS,Palred Technologies Limited,1224483260,0.965,-37.45,100.1,25371,-0.1053,1
KPIGREEN.NS,KPI Green Energy Limited,101425474500,1.013,62.78,1682.5,475818,4.3594,1
AGARIND.NS,Agarwal Industrial Corporation Limited,13036470590,0.649,12.49,871.55,45927,0.4732,1
SALZERELEC.NS,Salzer Electronics Limited,12015791375,0.579,27.72,691.25,169865,2.4141,0
KHADIM.NS,Khadim India Limited,5499135500,0.696,90.36,303.25,22200,0.6719,1
VARDHACRLC.NS,Vardhman Acrylics Limited,4251245020,0.134,24.5,52.9,47073,0.1915,0
JMA.NS,Jullundur Motor Agency (Delhi) Limited,2140211070,0.187,8.64,93.7,23989,0.6423,0
MIRZAINT.NS,Mirza International Limited,5797573900,0.063,49.48,41.95,199743,0.1823,0
JETAIRWAYS.NS,Jet Airways (India) Limited,4975548600,1.167,-0.76,43.8,24997,-0.1638,1
SITINET.NS,SITI Networks Limited,566834450,1.208,-0.18,0.65,1581693,-0.5,1
APOLLO.NS,Apollo Micro Systems Limited,30346479510,1.226,92.11,102.0,1589617,2.4428,1
VADILALIND.NS,Vadilal Industries Limited,30127430054,0.343,21.55,4191.45,32808,0.9398,0
DNAMEDIA.NS,Diligent Media Corporation Limited,535571400,0.219,0.48,4.55,214848,1.0667,0
INDHOTEL.NS,The Indian Hotels Company Limited,815483047000,0.42,65.2,572.9,6437498,0.8499,0
AJANTPHARM.NS,Ajanta Pharma Limited,292905799200,0.018,35.66,2326.2,106369,0.8657,0
ATUL.NS,Atul Ltd,171286504040,0.371,52.96,5817.8,42396,-0.1811,0
REPCOHOME.NS,Repco Home Finance Limited,28831421190,1.231,7.41,460.85,218769,1.1924,1
YAARI.NS,Yaari Digital Integrated Services Limited,1016483032,1.173,-4.84,10.3,30607,-0.1106,1
IMFA.NS,Indian Metals and Ferro Alloys Limited,37260701460,0.588,9.96,690.6,340836,1.3462,0
DCXINDIA.NS,DCX Systems Limited,31204908365,2.0404518,42.75,280.15,1180662,1.0367,1
SILVERTUC.NS,Silver Touch Technologies Limited,9839187900,-0.272,62.01,775.9,26905,0.8247,0
PDMJEPAPER.NS,Pudumjee Paper Products Limited,8493277500,0.539,8.95,89.45,698635,0.7007,0
CENTEXT.NS,Century Extrusions Limited,1376000000,1.048,19.41,17.2,127702,1.414,1
LATTEYS.NS,Latteys Industries Limited,868186580,0.981,65.65,15.1,13273,-0.4849,1
NARMADA.NS,Narmada Agrobase Limited,270974280,-0.265,26.67,20.0,563,0.0853,0
TATAMTRDVR.NS,Tata Motors Limited,3506654985096,1.818,7.69,620.75,1879679,2.2015,3
RECLTD.NS,REC Limited,1209964590000,0.822,9.26,459.5,80976996,3.0431,1
SHRIPISTON.NS,Shriram Pistons & Rings Limited,83403891320,1.081,19.38,1893.4,119759,2.8288,1
MHRIL.NS,Mahindra Holidays & Resorts India Limited,79892211200,0.187,69.74,395.6,78015,0.4528,0
DOLPHIN.NS,Dolphin Offshore Enterprises (India) Limited,25982987700,-1.091,43.0,649.5,5597,8.7911,0
DEN.NS,DEN Networks Limited,22741741491,1.099,10.97,47.7,1288818,0.7655,1
VERTOZ.NS,Vertoz Advertising Limited,9531118207,1.29,67.13,657.55,15809,2.7712,1
THEINVEST.NS,The Investment Trust of India Limited,6856788750,0.787,38.46,131.25,17115,1.0022,1
DRCSYSTEMS.NS,DRC Systems India Limited,2702306400,1.171,24.02,20.4,161848,0.3485,1
WELINV.NS,Welspun Investments and Commercials Limited,2685677352,0.507,94.88,734.9,153,1.6112,0
ABMINTLLTD.NS,ABM International Limited,615283200,0.388,-163.5,65.4,212,0.1074,0
KEC.NS,KEC International Limited,185077651200,0.563,57.47,719.9,1181224,0.5414,0
NAVINFLUOR.NS,Navin Fluorine International Limited,163673453400,0.318,61.04,3300.6,244465,-0.2585,0
SPANDANA.NS,Spandana Sphoorty Financial Limited,53200735110,0.58,11.07,746.1,127995,0.6417,0
CARTRADE.NS,CarTrade Tech Limited,37139386383,0.151,53.11,786.7,259966,0.7015,0
DELTACORP.NS,Delta Corp Limited,30137626050,0.833,12.59,112.55,1907720,-0.3736,1
CENTRUM.NS,Centrum Capital Limited,16613712193,0.871,-11.47,37.1,904345,0.5644,1
URAVI.NS,Uravi T and Wedge Lamps Limited,5830000000,0.242,280.1,530.0,39688,1.7486,0
TGBHOTELS.NS,TGB Banquets and Hotels Limited,399759360,0.498,-11.6,13.65,119108,0.8125,0
UNIINFO.NS,Uniinfo Telecom Services Limited,335763340,0.804,19.39,31.4,39607,0.9773,1
INDIGOPNTS.NS,Indigo Paints Limited,64369305700,0.333,44.47,1351.7,39606,0.227,0
DHANUKA.NS,Dhanuka Agritech Limited,59926348840,0.888,26.19,1314.8,48672,0.6777,1
HINDALCO.NS,Hindalco Industries Limited,1562379705000,1.406,14.95,695.25,25834403,0.394,1
ARMANFIN.NS,Arman Financial Services Limited,20946361797,0.631,11.88,2079.4,64435,0.3441,1
SPIC.NS,Southern Petrochemical Industries Corporation Limited,14264982000,0.934,12.89,70.05,644750,0.2753,1
INDIANCARD.NS,The Indian Card Clothing Company Limited,1458842016,0.243,18.75,245.55,3016,0.1602,0
NEXTMEDIA.NS,Next Mediaworks Limited,408046690,0.848,-1.91,6.1,25966,0.5357,1
TRENT.NS,Trent Limited,1743237150600,0.356,116.62,4903.8,1231937,1.9575,3
COFORGE.NS,Coforge Limited,342062756460,0.618,40.23,5129.1,402664,0.5101,0
JBMA.NS,JBM Auto Limited,234064024150,0.846,141.97,1979.45,211881,1.8124,1
GODFRYPHLP.NS,Godfrey Phillips India Limited,190357466985,0.204,22.13,3661.15,57567,0.6889,0
EVEREADY.NS,Eveready Industries India Limited,22809274740,1.022,35.39,313.8,144069,0.1918,1
CAMLINFINE.NS,Camlin Fine Sciences Limited,15247688250,0.992,-17.11,91.05,398688,-0.3105,1
AWHCL.NS,Antony Waste Handling Cell Limited,11643756525,0.506,14.02,410.25,212576,0.8583,0
SRHHYPOLTD.NS,Sree Rayalaseema Hi-Strength Hypo Limited,8332652160,1.037,11.21,485.45,21017,0.2196,1
BLUECHIP.NS,Blue Chip India Limited,179738975,1.229,-6.13,3.25,17906,6.7143,1
ASTRAL.NS,Astral Limited,568495320100,0.421,106.41,2116.3,636053,0.4724,0
CHALET.NS,Chalet Hotels Limited,176517575308,0.278,58.13,770.35,99979,1.4529,0
HCC.NS,Hindustan Construction Company Limited,58873134500,1.112,10.36,35.05,43786556,1.3338,1
SUVEN.NS,Suven Life Sciences Limited,19081475000,1.515,-19.01,87.5,297206,1.1053,1
TOUCHWOOD.NS,Touchwood Entertainment Limited,1488205160,0.167,46.58,134.3,3106,-0.14,0
CINEVISTA.NS,Cinevista Limited,1008010575,0.344,-13.55,17.55,5442,0.5466,0
LICI.NS,Life Insurance Corporation of India,5954352740640,0.607,17.38,941.4,3833181,0.7382,3
TRIDENT.NS,Trident Limited,186512136000,0.44,53.55,36.6,6826640,0.4117,0
POLYMED.NS,Poly Medicure Limited,170435609260,0.341,68.76,1775.9,28817,0.6813,0
KESORAMIND.NS,Kesoram Industries Limited,55930732000,1.476,-14.72,180.05,693163,2.0265,1
HEXATRADEX.NS,Hexa Tradex Limited,8267369355,1.206,8.99,149.65,12831,0.0354,1
UJJIVANSFB.NS,Ujjivan Small Finance Bank Limited,152811420178,0.923,7.53,47.4,18206986,0.7941,1
VOLTAMP.NS,Voltamp Transformers Limited,149914730240,0.253,35.05,10366.4,29845,2.5901,0
WELSPUNLIV.NS,Welspun Living Limited,126335040000,0.353,0.0,130.0,1916110,1.1456,0
ANANTRAJ.NS,Anant Raj Limited,121405494100,0.458,46.68,355.1,1670813,1.6206,0
STERTOOLS.NS,Sterling Tools Limited,12887657550,0.711,23.67,357.75,36365,-0.2351,1
RAJMET.NS,Rajnandini Metal Limited,2820096000,-0.174,15.97,10.2,852294,-0.0144,0
BHARATGEAR.NS,Bharat Gears Limited,1609214480,1.112,-16.96,104.8,21620,-0.026,1
AJOONI.NS,Ajooni Biotech Limited,1033839300,1.289,3.36,5.9,711245,0.7333,1
AROGRANITE.NS,Aro Granite Industries Limited,795438756,0.62,57.87,50.4,30932,0.1957,0
REDINGTON.NS,Redington (India) Limited,163390766000,1.007,13.35,209.0,1295356,0.2611,1
ERIS.NS,Eris Lifesciences Limited,124802715450,0.414,34.05,917.35,208029,0.463,0
MEDICO.NS,Medico Remedies Limited,2958379600,0.117,36.75,35.65,67323,-0.35,0
KEYFINSERV.NS,Keynote Financial Services Limited,1202943191,0.817,4.52,164.9,1851,0.8052,1
IRCTC.NS,Indian Railway Catering & Tourism Corporation Limited,735120000000,0.422,70.18,918.9,8796235,0.6447,0
PVRINOX.NS,PVR INOX Limited,129615915520,0.583,-403.7,1320.8,376301,-0.1302,1
AVTNPL.NS,AVT Natural Products Limited,12449217000,0.474,23.94,81.75,260271,0.026,0
DBOL.NS,Dhampur Bio Organics Limited,7870248795,1.5267361,17.29,118.55,149973,-0.0801,1
VEDL.NS,Vedanta Limited,1638170040000,1.412,15.75,440.7,16636339,0.0955,1
PATANJALI.NS,Patanjali Foods Limited,486219676172,-1.235,63.98,1343.45,640087,0.4589,0
SONACOMS.NS,Sona BLW Precision Forgings Limited,387885305400,0.165,75.58,661.4,1554999,0.6962,0
KEI.NS,KEI Industries Limited,369006108740,0.63,64.73,4089.1,346359,1.0207,0
VSSL.NS,Vardhman Special Steels Limited,23802553560,0.728,27.03,292.2,124977,0.0552,1
PODDARMENT.NS,Poddar Pigments Limited,4002092000,0.184,14.14,377.2,14620,0.3982,0
SONAMLTD.NS,Sonam Limited,1481184000,-0.134,0.0,37.0,70097,1.118,0
PIONEEREMB.NS,Pioneer Embroideries Limited,1278876480,0.581,35.43,43.4,36202,0.3838,0
FDC.NS,FDC Limited,70529292000,0.217,23.48,433.2,292742,0.6511,0
PATELENG.NS,Patel Engineering Limited,56102124188,1.262,16.69,56.9,8302468,2.7311,1
DMCC.NS,DMCC Speciality Chemicals Limited,7786236780,0.818,67.96,312.2,50869,0.0977,1
JETFREIGHT.NS,Jet Freight Logistics Limited,621810920,-0.049,331.25,13.4,138663,0.0506,0
UMESLTD.NS,Usha Martin Education & Solutions Limited,130758210,1.244,82.5,4.95,18662,0.4531,1
JSWSTEEL.NS,JSW Steel Limited,2148083280000,1.091,24.46,878.4,1969655,0.2334,3
IIFL.NS,IIFL Finance Limited,178757348005,0.862,9.06,402.4,2034866,-0.2679,1
RTNINDIA.NS,RattanIndia Enterprises Limited,95445743500,1.034,24.63,69.05,3853435,1.0234,1
TVSSRICHAK.NS,TVS Srichakra Limited,30174136935,0.949,28.44,3940.7,8045,0.5576,1
JAGRAN.NS,Jagran Prakashan Limited,19120903900,0.575,10.5,87.85,309296,0.4327,0
URJA.NS,Urja Global Limited,11740887221,1.156,533.75,20.35,7046283,1.9531,4
ADVANIHOTR.NS,Advani Hotels & Resorts (India) Limited,6156404100,0.539,25.7,66.6,183512,1.1075,0
DELPHIFX.NS,Delphi World Money Limited,1972976670,0.474,13.63,177.3,20363,-0.3407,0
KREBSBIO.NS,Krebs Biochemicals & Industries Limited,1374488250,0.469,-6.99,63.75,1872,0.0973,0
KOTAKIT.NS,Kotak Nifty IT ETF,1103803841,0.0,31.23,37.96,85348,0.2785,0
METALFORGE.NS,Metalyst Forgings Limited,176377500,0.195,-0.06,4.05,29758,0.4706,0
TTML.NS,Tata Teleservices (Maharashtra) Limited,139777332481,0.794,-11.78,71.5,2509977,0.3345,1
QUESS.NS,Quess Corp Limited,81457186500,0.718,30.72,548.5,260402,0.4646,1
ORIENTHOT.NS,Oriental Hotels Limited,23450048700,0.505,48.53,131.3,450102,0.4752,0
AMRUTANJAN.NS,Amrutanjan Health Care Limited,20758110590,0.71,46.01,710.15,63900,0.0734,1
IMPAL.NS,India Motor Parts & Accessories Limited,12182352000,0.162,16.84,976.15,3102,0.6113,0
BAFNAPH.NS,Bafna Pharmaceuticals Limited,2021430835,0.499,27.48,85.45,1117,-0.0445,0
ABSLAMC.NS,Aditya Birla Sun Life AMC Limited,162069642410,0.281,21.59,562.55,461818,0.4701,0
ORICONENT.NS,Oricon Enterprises Limited,5300370000,0.738,1185.0,33.75,194781,1.2508,4
A2ZINFRA.NS,A2Z Infra Engineering Limited,3372698000,0.583,-59.22,19.15,594869,1.0455,1
METROBRAND.NS,Metro Brands Limited,311188681200,-0.307,77.19,1144.4,79810,0.4704,0
MSUMI.NS,Motherson Sumi Wiring India Limited,283614078200,-0.369,45.9,64.15,13889653,0.4023,0
SDBL.NS,Som Distilleries & Breweries Limited,23582539200,0.7,28.12,121.7,1365454,0.8592,1
HITECH.NS,Hi-Tech Pipes Limited,18425704500,0.832,43.37,112.5,771146,0.7921,1
63MOONS.NS,63 Moons Technologies Ltd,15111444075,1.141,7.13,327.95,240969,1.1889,1
KOKUYOCMLN.NS,Kokuyo Camlin Limited,13766724000,0.846,32.24,137.25,171833,0.5649,1
SMARTLINK.NS,Smartlink Holdings Limited,2733648750,0.586,39.27,274.05,27822,0.1352,0
VARDMNPOLY.NS,Vardhman Polytex Limited,2593997971,0.281,-8.52,9.05,351535,1.8769,0
MAHAPEXLTD.NS,Maha Rashtra Apex Corporation Limited,2210245620,0.43,-1.71,156.2,71272,0.436,0
ISFT.NS,IntraSoft Technologies Limited,1977790876,0.582,18.43,116.45,42375,0.0627,0
FEDERALBNK.NS,The Federal Bank Limited,405095580000,0.847,10.1,166.05,39665289,0.1658,1
SYNGENE.NS,Syngene International Limited,269106126666,0.514,53.43,671.6,506481,0.2156,0
IPL.NS,India Pesticides Limited,24979071600,-0.218,45.44,216.9,475770,-0.0178,0
PAVNAIND.NS,Pavna Industries Limited,6435116640,-0.582,44.07,528.3,9500,1.141,0
MKPL.NS,M. K. Proteins Limited,4767224400,-0.268,41.5,12.7,43414,-0.8651,0
GOKUL.NS,Gokul Refoils & Solvent Limited,3880604000,0.35,213.61,39.2,4884,0.294,0
BGRENERGY.NS,BGR Energy Systems Limited,2796262000,0.964,-0.37,38.75,55052,-0.2564,1
ASPINWALL.NS,Aspinwall and Company Limited,1999918582,0.459,31.25,255.8,5958,0.321,0
ADROITINFO.NS,Adroit Infotech Limited,985526212,0.307,35.82,18.9,31828,-0.232,0
MARSHALL.NS,Marshall Machines Limited,735866250,-0.03,-6.57,29.75,1409,-0.4444,0
NIITLTD.NS,NIIT Limited,13226873750,0.155,35.63,97.85,322862,-0.6799,0
COFFEEDAY.NS,Coffee Day Enterprises Limited,11249169000,0.199,-3.57,53.25,2961004,0.73,0
APEX.NS,Apex Frozen Foods Limited,6526562500,0.654,47.09,208.85,65928,0.0582,1
SURANAT&P.NS,Surana Telecom and Power Limited,2301132000,0.781,-103.2,16.95,273015,0.7927,1
MODIRUBBER.NS,Modi Rubber Limited,2229856525,-0.147,14.65,89.05,2934,0.7006,0
KANPRPLA.NS,Kanpur Plastipack Limited,2142386640,0.575,266.84,99.8,17941,0.1499,0
VINNY.NS,Vinny Overseas Limited,942123150,0.121,28.33,4.05,695547,-0.4474,0
APARINDS.NS,Apar Industries Limited,305481929915,-0.143,36.74,7605.05,109023,2.0538,0
BIRLACORPN.NS,Birla Corporation Limited,109620894815,0.343,26.53,1423.55,102666,0.6097,0
WOCKPHARMA.NS,Wockhardt Limited,84356626629,1.623,-16.79,520.1,467718,2.8698,1
JUSTDIAL.NS,Just Dial Limited,78139279655,0.545,22.46,918.85,187922,0.3545,0
NDTV.NS,New Delhi Television Limited,14283616515,0.727,-73.57,221.55,1401184,0.1082,1
RPPL.NS,Rajshree Polypack Limited,2698090036,0.665,32.23,70.2,31121,0.7189,1
GOKEX.NS,Gokaldas Exports Limited,65433170130,0.294,42.33,835.0,255873,0.9636,0
VAIBHAVGBL.NS,Vaibhav Global Limited,48747491238,0.286,40.44,294.4,889551,0.347,0
UNITECH.NS,Unitech Limited,23400938500,1.042,-0.74,8.95,7558940,8.6957,1
JPOLYINVST.NS,Jindal Poly Investment and Finance Company Limited,7678417355,-0.133,2.68,730.45,21383,0.3629,0
BIRLACABLE.NS,Birla Cable Limited,6747000000,0.638,30.86,224.9,100584,0.9115,1
GEEKAYWIRE.NS,Geekay Wires Limited,4481295000,0.053,11.38,85.75,180460,1.9337,0
MBLINFRA.NS,MBL Infrastructures Limited,4305430500,1.122,-11.23,41.1,67636,2.6367,1
UTISENSETF.NS,UTI S&P BSE Sensex ETF,374844761150,0.61987805,27.73,805.79,4880,0.2788,1
DELHIVERY.NS,Delhivery Limited,279048809600,-0.254,-113.7,378.4,2210677,0.3627,0
SYMPHONY.NS,Symphony Limited,75380344550,0.383,50.83,1093.15,366197,-0.1322,0
ORCHPHARMA.NS,Orchid Pharma Limited,48566076486,2.408,53.63,998.9,39658,1.6791,1
CUPID.NS,Cupid Limited,24004354750,0.497,626.0,89.45,514712,9.0463,4
MONARCH.NS,Monarch Networth Capital Limited,16684115700,0.731,14.03,492.6,75001,1.7019,1
ENIL.NS,Entertainment Network (India) Limited,10015551040,0.592,31.79,210.1,84249,1.201,0
CHEMCON.NS,Chemcon Speciality Chemicals Limited,8604551430,-0.361,45.53,234.9,46197,0.0061,0
INDSWFTLAB.NS,Ind-Swift Laboratories Limited,5911644345,0.146,1.48,100.05,546965,0.757,0
TATAPOWER.NS,The Tata Power Company Limited,1350989752000,0.804,37.73,422.8,25575567,1.1019,1
TI.NS,Tilaknagar Industries Ltd.,47642856000,0.37,36.87,247.2,3215253,0.9715,0
KOLTEPATIL.NS,Kolte-Patil Developers Limited,34502197380,0.657,-50.0,453.95,165742,0.9224,1
AHL.NS,Abans Holdings Limited,20726490640,0.21789022,23.04,395.25,91397,0.2494,0
PRITIKAUTO.NS,Pritika Auto Industries Limited,3985691500,0.411,32.72,24.85,249559,1.2581,0
LAMBODHARA.NS,Lambodhara Textiles Limited,1460128320,0.775,32.29,140.7,24254,-0.0373,1
BANKBARODA.NS,Bank of Baroda,1344553600000,0.733,7.49,260.0,70379562,0.634,1
CAPLIPOINT.NS,Caplin Point Laboratories Limited,97816706685,0.38,21.86,1288.05,84820,1.2139,0
HMT.NS,HMT Limited,63094010849,0.532,-15.01,50.1,30854,0.7909,0
SANDHAR.NS,Sandhar Technologies Limited,31368383305,0.908,29.26,521.15,88967,1.586,1
RGL.NS,Renaissance Global Limited,9882307920,1.044,13.87,102.8,96226,0.1782,1
AVONMORE.NS,Avonmore Capital & Management Services Limited,2587534560,0.635,-140.91,110.8,44074,0.4522,1
INTENTECH.NS,Intense Technologies Limited,2535663375,1.065,16.74,108.05,105977,1.09,1
ASTRON.NS,Astron Paper & Board Mill Limited,920700000,0.35,-8.13,19.8,16827,0.0,0
INOXGREEN.NS,Inox Green Energy Services Limited,36451184900,4.3927293,181.34,124.15,1880300,1.8774,1
PIGL.NS,Power and Instrumentation (Guj) Limited,876050560,0.707,13.82,70.4,17425,0.1219,1
WHEELS.NS,Wheels India Limited,15858238650,0.483,44.53,649.05,58701,0.3177,0
GFLLIMITED.NS,GFL Limited,7705977500,0.495,-104.86,70.15,85923,0.3697,0
ENERGYDEV.NS,Energy Development Company Limited,995125000,0.718,-47.28,20.95,123270,0.4521,1
MTEDUCARE.NS,MT Educare Limited,213072895,1.016,-0.8,2.95,43196,-0.1831,1
IRFC.NS,Indian Railway Finance Corporation Limited,2175251825000,0.53,35.92,166.45,114099025,4.4321,3
TVSHLTD.NS,TVS Holdings Limited,238585016040,0.718,30.18,11792.4,8913,1.7606,1
TEJASNET.NS,Tejas Networks Limited,192342384400,0.664,313.44,1126.1,830903,0.1408,0
MANINFRA.NS,Man Infraconstruction Limited,68347125000,0.608,23.82,184.1,972591,2.0267,0
NSIL.NS,Nalwa Sons Investments Limited,17030222520,0.357,30.83,3315.75,4449,0.6271,0
SINTERCOM.NS,Sintercom India Limited,3624034870,0.896,365.42,131.65,39570,0.2867,1
IPCALAB.NS,Ipca Laboratories Limited,298444700400,0.231,44.86,1176.35,410309,0.5829,0
ELGIEQUIP.NS,Elgi Equipments Limited,186865391850,0.57,61.98,589.65,139967,0.4095,0
MGL.NS,Mahanagar Gas Limited,129863173660,0.628,10.58,1314.7,474405,0.4033,1
WESTLIFE.NS,Westlife Development Limited,122838905286,0.332,181.65,790.2,255950,0.2011,0
GALLANTT.NS,Gallantt Metal Limited,63288006300,1.081,29.12,262.3,70320,2.4347,1
SHANKARA.NS,Shankara Building Products Limited,15946339680,0.339,19.68,657.6,112719,0.0306,0
WIPL.NS,The Western India Plywoods Limited,1369007942,-0.496,32.16,161.3,26556,0.9012,0
RELIANCE.NS,Reliance Industries Limited,19224708135000,0.599,28.04,2841.5,8730609,0.3065,2
POLICYBZR.NS,PB Fintech Limited,583563994991,0.649,868.19,1293.35,1637871,0.8046,4
INSECTICID.NS,Insecticides (India) Limited,16329106260,0.36,16.31,551.7,112446,0.0325,0
MAHESHWARI.NS,Maheshwari Logistics Limited,1771392420,0.304,13.28,59.85,196215,-0.2359,0
PRAKASHSTL.NS,Prakash Steelage Limited,1452500000,0.836,2.46,8.3,106426,1.3182,1
GANGAFORGE.NS,Ganga Forging Limited,1102042318,0.449,46.76,7.7,269831,1.8525,0
BURNPUR.NS,Burnpur Cement Limited,495215300,1.432,-0.52,5.75,255805,0.1546,1
NIACL.NS,The New India Assurance Company Limited,345008800000,0.98,32.52,209.35,1422530,1.3147,1
CROMPTON.NS,Crompton Greaves Consumer Electricals Limited,258694215500,0.409,58.65,402.25,5639090,-0.0752,0
TFCILTD.NS,Tourism Finance Corporation of India Limited,14153222175,0.413,15.92,152.85,915807,1.4423,0
UGARSUGAR.NS,The Ugar Sugar Works Limited,7875000000,0.39,38.32,70.0,183626,-0.2962,0
TNPETRO.NS,Tamilnadu Petroproducts Limited,7368665850,0.503,14.99,81.9,182707,0.1253,0
OCCL.NS,Oriental Carbon & Chemicals Limited,6727726841,0.512,14.08,631.35,25199,0.001,0
PODDARHOUS.NS,Poddar Housing and Development Limited,605331090,-0.129,-0.95,95.85,542,0.0683,0
PFOCUS.NS,Prime Focus Limited,29619605520,1.031,-5.87,91.45,106414,0.3452,1
NRAIL.NS,N R Agarwal Industries Limited,6771899890,-0.1,5.76,397.9,11198,1.0684,0
BAYERCROP.NS,Bayer CropScience Limited,237696519795,0.343,32.85,5288.95,22911,0.334,0
PRIVISCL.NS,Privi Speciality Chemicals Limited,45576405225,0.008,48.51,1166.75,41604,-0.04,0
DIVGIITTS.NS,Divgi TorqTransfer Systems Limited,20859086042,0.0,53.75,682.05,21453,0.2,0
RAMASTEEL.NS,Rama Steel Tubes Limited,17862096353,0.913,23.57,11.05,14332037,0.6271,1
KABRAEXTRU.NS,Kabra Extrusiontechnik Limited,13646386560,0.816,42.01,390.2,209883,-0.3814,1
LODHA.NS,Macrotech Developers Limited,1289959835950,0.375,86.71,1296.85,1797570,1.6134,0
BSE.NS,BSE Limited,360690556950,0.67,52.43,2662.65,1079489,5.026,1
LICHSGFIN.NS,LIC Housing Finance Limited,342304204900,0.688,7.53,622.3,4305691,0.9131,1
TBZ.NS,Tribhovandas Bhimji Zaveri Limited,6823203748,0.866,12.8,102.25,76954,0.7619,1
MEDICAMEQ.NS,Medicamen Biotech Limited,5912924730,1.345,64.0,465.05,43410,-0.4188,1
JINDALSTEL.NS,Jindal Steel & Power Limited,1026465562500,1.37,17.27,1006.25,3384452,0.545,1
COLPAL.NS,Colgate-Palmolive (India) Limited,805092159300,0.302,59.92,2960.05,1085310,0.8321,0
ABCAPITAL.NS,Aditya Birla Capital Limited,560587351500,0.973,17.15,215.55,16188334,0.1445,1
LAURUSLABS.NS,Laurus Labs Limited,229680360900,1.138,147.49,426.15,3792403,0.3235,1
METROPOLIS.NS,Metropolis Healthcare Limited,101693080535,0.301,81.83,1985.15,403400,0.4307,0
JCHAC.NS,Johnson Controls-Hitachi Air Conditioning India Limited,49563572520,0.147,-69.2,1822.8,155270,-0.0737,0
SULA.NS,Sula Vineyards Limited,43183070690,0.0,47.06,511.65,968716,0.5409,0
NUCLEUS.NS,Nucleus Software Exports Limited,31608557980,0.318,16.86,1180.6,28100,0.9044,0
GLOBUSSPR.NS,Globus Spirits Limited,20138350620,0.653,21.75,698.7,86705,-0.1268,1
TCS.NS,Tata Consultancy Services Limited,13554993280500,0.519,29.83,3746.45,2799454,0.2503,2
HCLTECH.NS,HCL Technologies Limited,3646358379000,0.607,23.76,1343.7,3004531,0.4727,3
TORNTPHARM.NS,Torrent Pharmaceuticals Limited,941012478000,0.294,56.89,2780.4,310531,0.7047,0
ANGELONE.NS,Angel One Limited,242982402945,-0.112,18.73,2352.95,777796,1.6629,0
PEL.NS,Piramal Enterprises Limited,176731935600,0.774,-11.12,786.65,1161646,0.2825,1
KFINTECH.NS,KFin Technologies Limited,118755385920,0.06617167,48.4,693.95,454708,1.207,0
AUTOAXLES.NS,Automotive Axles Limited,28495193500,1.105,17.89,1885.85,14115,-0.2389,1
BALAJITELE.NS,Balaji Telefilms Limited,6030822600,0.637,21.5,59.4,502244,0.9799,1
ANIKINDS.NS,Anik Industries Limited,1229480050,0.754,426.82,44.3,21598,0.4126,0
KAVVERITEL.NS,Kavveri Telecom Products Limited,289789920,0.419,0.92,14.4,29961,1.6364,0
NAM-INDIA.NS,Nippon Life India Asset Management Limited,343947954050,0.496,33.48,545.95,4258266,1.377,0
GOKULAGRO.NS,Gokul Agro Resources Limited,21851118300,0.529,16.61,148.1,716482,0.0531,0
KRSNAA.NS,Krsnaa Diagnostics Limited,17612451228,-0.305,32.72,545.45,100940,0.3719,0
VALIANTORG.NS,Valiant Organics Limited,10860014400,0.604,-129.81,393.6,24821,-0.0602,1
PNB.NS,Punjab National Bank,1341690350000,0.906,15.17,121.85,104892860,1.6959,1
HSCL.NS,Himadri Speciality Chemical Limited,176686726122,0.552,37.01,324.1,1258622,2.4805,0
ROTO.NS,Roto Pumps Limited,12883397520,0.723,33.62,410.2,134160,0.2096,1
RAJTV.NS,Raj Television Network Limited,6185469695,0.305,737.5,119.15,239,0.4901,4
SKMEGGPROD.NS,SKM Egg Products Export (India) Limited,6067748500,-0.208,7.46,230.45,97066,0.7571,0
RITCO.NS,Ritco Logistics Limited,5501115850,0.712,17.94,224.75,68600,0.4674,1
INDBANK.NS,Indbank Merchant Banking Services Limited,1981486630,0.334,26.38,44.65,174447,1.0306,0
FACT.NS,The Fertilisers And Chemicals Travancore Limited,424511585600,0.373,307.62,656.05,267323,1.9667,0
BSHSL.NS,Bombay Super Hybrid Seeds Limited,20237100450,0.174,95.17,192.85,11200,-0.3957,0
MANGCHEFER.NS,Mangalore Chemicals & Fertilizers Limited,12301857000,0.324,8.37,103.8,277178,0.0708,0
GRPLTD.NS,GRP Limited,12115036379,0.457,56.13,9086.3,1156,1.4742,0
RADIANTCMS.NS,Radiant Cash Management Services Limited,8211173675,-0.06759744,18.71,76.95,100996,-0.124,0
MOLDTECH.NS,Mold-Tek Technologies Limited,6726939750,-0.373,25.05,235.5,134053,-0.2188,0
IL&FSENGG.NS,IL&FS Engineering and Construction Company Limited,2858016436,0.742,0.0,20.3,23165,1.4962,1
CORDSCABLE.NS,Cords Cable Industries Limited,2534495190,0.802,27.68,196.05,103821,1.752,1
COMPINFO.NS,Compuage Infocom Limited,295899945,1.025,0.8,3.45,56599,-0.6529,1
GOENKA.NS,Goenka Diamond and Jewels Limited,269450000,0.904,-8.89,0.85,112241,-0.1111,1
AMBUJACEM.NS,Ambuja Cements Limited,1702366893275,0.121,36.99,598.9,6562336,0.6717,0
UNOMINDA.NS,UNO Minda Limited,494323638700,0.63,64.61,861.05,777083,0.4772,0
BANDHANBNK.NS,Bandhan Bank Limited,307131430500,1.08,13.93,190.65,21810860,-0.0547,1
ENGINERSIN.NS,Engineers India Limited,121850705600,0.79,29.99,216.8,27086730,1.8288,1
PFS.NS,PTC India Financial Services Limited,23860813450,1.119,15.76,37.15,1574082,2.1907,1
ONEPOINT.NS,One Point One Solutions Limited,11341522800,0.935,58.96,53.1,909362,1.9284,1
KANANIIND.NS,Kanani Industries Limited,662857800,0.329,113.33,3.35,1377074,0.2674,0
CHOLAHLDNG.NS,Cholamandalam Financial Holdings Limited,212394564700,0.665,12.28,1131.1,97583,1.1078,1
GMDCLTD.NS,Gujarat Mineral Development Corporation Limited,113017200000,0.635,19.28,355.4,2537598,1.7776,1
MEP.NS,MEP Infrastructure Developers Limited,1476740300,1.267,-0.5,8.05,316905,-0.0377,1
MOTHERSON.NS,Samvardhana Motherson International Limited,1030354661000,1.585,37.38,152.05,31859200,0.8005,1
POLYCAB.NS,Polycab India Limited,1019984977850,0.729,58.27,6788.45,700769,0.78,1
MAZDOCK.NS,Mazagon Dock Shipbuilders Limited,564368958000,0.779,32.97,2798.2,6156485,1.8548,1
YUKEN.NS,Yuken India Limited,15221050000,0.545,87.02,1170.85,247608,0.6656,0
MAGADSUGAR.NS,Magadh Sugar & Energy Limited,8888981280,0.693,7.91,630.8,17662,0.7595,1
BTML.NS,Bodhi Tree Multimedia Limited,1833159997,-0.52,31.83,12.15,2480120,0.0024,0
DUCON.NS,Ducon Infratechnolgies Limited,1728601000,0.826,23.1,6.65,120027,0.3524,1
IMPEXFERRO.NS,Impex Ferro Tech Limited,338536660,0.151,-130.0,3.85,42066,0.3265,0
DABUR.NS,Dabur India Limited,1063829077500,0.242,56.51,600.25,21566542,-0.0155,0
MOIL.NS,MOIL Limited,98222209500,0.623,34.68,482.7,3657793,1.0017,1
EIMCOELECO.NS,Eimco Elecon (India) Limited,10518659165,0.541,28.68,1823.5,10113,3.4458,0
POWERINDIA.NS,Hitachi Energy India Limited,433939869045,0.158,272.54,10238.85,130709,1.1891,0
SSWL.NS,Steel Strips Wheels Limited,32468610100,0.575,4.91,206.9,248263,0.5309,0
SIYSIL.NS,Siyaram Silk Mills Limited,19869835295,0.654,11.31,437.95,36804,0.0879,1
GOLDIAM.NS,Goldiam International Limited,17589136500,1.11,19.77,164.7,580476,0.3331,1
SPENCERS.NS,Spencer's Retail Limited,7480956000,0.037,-2.86,83.0,244758,0.6876,0
SCPL.NS,Sheetal Cool Products Limited,5071500000,-0.191,26.06,483.0,31360,-0.333,0
GRINFRA.NS,G R Infraprojects Limited,143820053050,0.506,11.13,1487.45,100034,0.2607,0
ABAN.NS,Aban Offshore Limited,3496081470,0.803,-0.27,59.9,146709,0.4589,1
UNITEDTEA.NS,The United Nilgiri Tea Estates Company Limited,1728313563,0.37,10.88,345.9,3202,0.1745,0
RPGLIFE.NS,RPG Life Sciences Limited,24026205300,0.487,27.38,1452.7,8721,1.2368,0
GEOJITFSL.NS,Geojit Financial Services Limited,22084948400,0.713,15.71,92.35,1175940,0.6446,1
DCMSRIND.NS,DCM Shriram Industries Ltd,17528928300,0.747,0.0,201.5,215706,2.0414,1
SVLL.NS,Shree Vasu Logistics Limited,2671004700,0.05,105.18,232.95,619,0.73,0
ENDURANCE.NS,Endurance Technologies Limited,332653928700,0.945,49.82,2364.9,331967,0.4984,1
EASEMYTRIP.NS,Easy Trip Planners Limited,71856222000,0.27,72.07,40.55,7586573,0.0593,0
PRINCEPIPE.NS,Prince Pipes and Fittings Limited,66126534100,0.925,37.12,598.1,168724,0.0135,1
NFL.NS,National Fertilizers Limited,47757768300,0.855,33.55,97.35,3761742,0.2416,1
ADVENZYMES.NS,Advanced Enzyme Technologies Limited,39417960000,0.266,30.34,352.5,157673,0.4851,0
SPCENET.NS,Spacenet Enterprises India Limited,13483599979,-0.114,140.79,26.1,1874101,0.4885,0
NITCO.NS,NITCO Limited,4674427950,1.025,-3.01,65.05,338369,2.1257,1
SUMEETINDS.NS,Sumeet Industries Limited,238376600,0.388,-0.4,2.3,2423689,0.1905,0
KKCL.NS,Kewal Kiran Clothing Limited,39433965480,0.434,27.09,639.9,315427,0.6017,0
NEOGEN.NS,Neogen Chemicals Limited,39284989470,0.376,107.23,1489.1,25831,-0.058,0
KICL.NS,Kalyani Investment Company Limited,17851935245,0.513,26.68,4089.5,7237,1.1328,0
SPORTKING.NS,Sportking India Limited,9696864320,0.519,14.14,763.1,6287,0.2158,0
SHYAMCENT.NS,Shyam Century Ferrous Limited,3553897750,0.399,585.0,16.75,81839,0.0671,4
FELDVR.NS,Future Enterprises Limited,576131409,1.272,-0.1,5.55,5287,-0.0753,1
SCI.NS,The Shipping Corporation of India Limited,104711615200,0.699,16.68,224.8,5397253,1.2355,1
KIRLOSIND.NS,Kirloskar Industries Limited,56439383103,0.599,32.77,5681.35,5380,0.6894,0
GANESHBE.NS,Ganesh Benzoplast Limited,10028123420,0.608,16.11,139.3,311007,0.1336,0
ARROWGREEN.NS,Arrow Greentech Limited,8452241580,0.682,29.04,560.2,242483,0.4562,1
RSSOFTWARE.NS,R S Software (India) Limited,4666056450,1.241,25.04,181.5,87042,7.6399,1
RPPINFRA.NS,R.P.P. Infra Projects Limited,4408298140,1.242,7.49,109.9,75523,1.6946,1
SUMMITSEC.NS,Summit Securities Limited,13927594590,0.828,19.32,1277.55,12327,1.2588,1
TEMBO.NS,Tembo Global Industries Limited,3010553910,0.667,37.0,220.35,57540,0.2175,1
BBOX.NS,Black Box Limited,39225669700,0.144,29.16,233.45,114788,1.6053,0
DALMIASUG.NS,Dalmia Bharat Sugar and Industries Limited,30926906530,1.318,11.33,382.1,55622,0.0144,1
SHREYANIND.NS,Shreyans Industries Limited,3070532500,0.226,3.65,222.1,16474,0.571,0
ONELIFECAP.NS,Onelife Capital Advisors Limited,224448000,0.264,-9.89,16.8,20414,1.2659,0
LT.NS,Larsen & Toubro Limited,4686522750000,0.674,37.49,3409.0,10369003,0.7584,3
TRIL.NS,Transformers and Rectifiers (India) Limited,104378232600,0.713,229.94,732.15,636513,5.8545,0
VIJAYA.NS,Vijaya Diagnostic Centre Limited,87200173395,-0.047,71.05,850.6,365984,0.5861,0
JTEKTINDIA.NS,JTEKT India Limited,41687980000,1.17,39.87,164.0,201065,0.6914,1
MID150BEES.NS,NIP IND ETF MIDCAP 150,12503048419,0.967756,0.0,196.48,2931299,0.5357,1
MUNJALAU.NS,Munjal Auto Industries Limited,7775000000,0.885,20.91,77.75,140829,1.239,1
ZIMLAB.NS,ZIM Laboratories Limited,4974904180,0.59,29.51,102.1,153515,0.3771,0
JINDALSAW.NS,Jindal Saw Limited,162562933600,0.674,9.96,508.4,1348113,1.9123,1
AARTIDRUGS.NS,Aarti Drugs Limited,44285089500,0.884,26.48,481.7,85490,0.2765,1
ANUP.NS,The Anup Engineering Limited,34801873750,0.775,70.84,1748.75,33870,2.2549,1
PGIL.NS,Pearl Global Industries Limited,27982786175,0.001,16.3,642.05,16770,1.7958,0
SESHAPAPER.NS,Seshasayee Paper and Boards Limited,19614179100,0.248,7.04,311.0,23666,0.2576,0
PRIMESECU.NS,Prime Securities Limited,6319898880,0.371,35.83,189.6,54109,0.7165,0
VENUSREM.NS,Venus Remedies Limited,4064236350,1.075,14.42,304.05,47120,0.9606,1
ZODIACLOTH.NS,Zodiac Clothing Company Limited,2772228105,0.31,-7.76,106.65,13501,0.2796,0
RAINBOW.NS,Rainbow Children's Medicare Limited,130140386705,0.342,60.92,1282.15,192390,0.7743,0
FINOPB.NS,Fino Payments Bank Limited,21419360820,0.599,25.8,257.4,62096,0.3445,0
FMGOETZE.NS,Federal-Mogul Goetze (India) Limited,21334910350,0.385,17.0,383.5,119519,0.0651,0
VIPULLTD.NS,Vipul Limited,4981755158,0.662,2.01,39.9,61423,1.4654,1
SELMC.NS,SEL Manufacturing Company Limited,2130561210,-0.637,-1.13,64.3,9178,-0.5564,0
GLFL.NS,Gujarat Lease Financing Limited,216734868,-1.301,251.67,7.55,2897,2.34,0
WINDMACHIN.NS,Windsor Machines Limited,4701062248,0.997,-63.82,72.4,131834,0.7725,1
PALASHSECU.NS,Palash Securities Limited,1308405480,0.673,-14.1,130.8,11510,0.1574,1
ONGC.NS,Oil and Natural Gas Corporation Limited,3113624250000,0.709,6.59,247.5,37057198,0.8807,3
INDUSINDBK.NS,IndusInd Bank Limited,1168488074050,1.265,13.03,1500.95,11014197,0.4765,1
PERSISTENT.NS,Persistent Systems Limited,549488647500,0.711,51.03,3566.95,678718,0.7489,1
PRSMJOHNSN.NS,Prism Johnson Limited,77844095097,0.908,43.83,154.65,384258,0.6993,1
MUKANDLTD.NS,Mukand Limited,20829098400,1.087,10.88,144.15,195950,0.0583,1
STOVEKRAFT.NS,Stove Kraft Limited,15635153990,0.146,47.52,473.05,102028,0.1347,0
PARSVNATH.NS,Parsvnath Developers Limited,5156894850,1.049,-0.76,11.85,588714,1.3182,1
NAHARPOLY.NS,Nahar Poly Films Limited,4514356800,0.454,80.22,183.6,23816,-0.2023,0
KMSUGAR.NS,K.M. Sugar Mills Limited,3247607060,0.307,11.98,35.3,416456,0.0408,0
PASUPTAC.NS,Pasupati Acrylon Ltd,3190964980,0.419,24.93,35.8,93345,0.5074,0
VAISHALI.NS,Vaishali Pharma Limited,1428869360,0.41,28.05,133.3,171461,-0.0411,0
CREDITACC.NS,CreditAccess Grameen Limited,223821546900,0.853,16.13,1404.3,746352,0.6087,1
FSL.NS,Firstsource Solutions Limited,129013034100,0.932,25.86,185.1,1079304,0.8817,1
TEXRAIL.NS,Texmaco Rail & Engineering Limited,69487284650,0.814,56.89,173.95,4842421,2.845,1
MICEL.NS,MIC Electronics Limited,10131154500,1.868,71.04,45.75,985742,2.3475,1
SELAN.NS,Selan Exploration Technology Limited,9230200000,0.943,29.39,607.25,215152,0.8453,1
CROWN.NS,Crown Lifters Limited,2542648583,0.496,42.31,226.55,5406,5.2779,0
ASIANPAINT.NS,Asian Paints Limited,2840904676500,0.292,51.42,2961.75,2409818,0.045,3
CIPLA.NS,Cipla Limited,1208706289700,0.367,28.92,1496.95,1833968,0.6989,0
BANKINDIA.NS,Bank of India Limited,626991958392,1.315,7.84,116.95,39344748,0.8186,1
EIHOTEL.NS,EIH Limited,263215707600,0.384,41.61,420.9,1540849,1.7307,0
SANOFI.NS,Sanofi India Limited,210522987500,0.338,34.7,9141.25,36469,0.4629,0
ORIENTCEM.NS,Orient Cement Limited,41383538000,0.436,24.85,202.0,480498,0.8166,0
BAJAJHIND.NS,Bajaj Hindusthan Sugar Limited,40236840000,1.279,-46.74,31.5,20258839,1.2432,1
RIIL.NS,Reliance Industrial Infrastructure Limited,16967870000,0.521,133.89,1123.7,237101,0.6377,0
ASIANENE.NS,Asian Energy Services Limited,10576911180,1.029,41.67,258.45,76210,1.5755,1
CCHHL.NS,Country Club Hospitality & Holidays Limited,2468321500,0.773,15.78,15.1,652843,1.3246,1
GINNIFILA.NS,Ginni Filaments Limited,2321117710,0.921,-9.12,27.1,305695,0.6512,1
LAGNAM.NS,Lagnam Spintex Limited,2260748550,0.79,24.2,127.95,21066,1.2615,1
NDGL.NS,Naga Dhunseri Group Limited,2194150000,1.0196378,6.33,2194.15,191,0.679,1
BIKAJI.NS,Bikaji Foods International Limited,159343225716,0.8760473,60.14,636.4,1687009,0.3567,1
BARBEQUE.NS,Barbeque Nation Hospitality Ltd.,19846012860,0.062,-150.22,507.95,56618,-0.1906,0
MANAKSTEEL.NS,Manaksia Steels Limited,3479855400,0.855,12.03,53.1,6573,0.5698,1
BHAGYANGR.NS,Bhagyanagar India Limited,3234694500,0.898,7.33,101.1,53251,0.76,1
VISHWARAJ.NS,Vishwaraj Sugar Industries Limited,2797922000,0.472,19.62,14.9,748634,0.0469,0
HBSL.NS,HB Stockholdings Limited,643817834,0.642,1.8,90.2,10836,0.8141,1
ACE.NS,Action Construction Equipment Limited,160881133000,1.31,50.85,1351.0,805163,2.5417,1
PENINLAND.NS,Peninsula Land Limited,17055730250,0.793,13.77,55.25,1171312,2.739,1
RAMRAT.NS,Ram Ratna Wires Limited,15318600000,0.441,30.43,348.15,72972,0.6286,0
DCW.NS,DCW Limited,14934843000,0.365,98.11,50.6,1123080,0.1676,0
ARIES.NS,Aries Agro Limited,2909061910,0.53,15.83,223.7,274308,0.664,0
DTIL.NS,Dhunseri Tea & Industries Limited,1964883800,0.576,-1.41,187.0,7390,0.0197,0
PKTEA.NS,The Peria Karamalai Tea and Produce Company Limited,917154450,0.922,17.47,296.25,70,0.1201,1
CANBK.NS,Canara Bank,1044938880000,0.955,7.09,115.2,105538204,1.1038,1
CESC.NS,CESC Limited,180343798500,0.725,13.76,136.05,7887416,0.8998,1
RITES.NS,RITES Limited,145971449900,0.108,34.33,607.45,3208147,0.9484,0
NOCIL.NS,NOCIL Limited,40586633300,0.536,31.37,243.55,551947,0.2168,0
CONTROLPR.NS,Control Print Limited,13743816060,0.24,25.98,859.3,19135,0.8228,0
HUBTOWN.NS,Hubtown Limited,10051939425,0.691,-11.82,125.75,342672,3.1287,1
DANGEE.NS,Dangee Dums Limited,3472136266,0.115,-196.25,7.6,360572,-0.4452,0
DCI.NS,DC Infotech and Communication Limited,3147950000,0.311,25.94,242.15,56551,0.8423,0
FINCABLES.NS,Finolex Cables Limited,213999895750,0.75,34.6,1399.25,206770,0.2293,1
GREAVESCOT.NS,Greaves Cotton Limited,28396800000,0.845,-21.51,122.4,1155365,-0.0062,1
SUNDARMFIN.NS,Sundaram Finance Limited,495012761600,0.305,34.52,4455.4,174345,0.8309,0
TV18BRDCST.NS,TV18 Broadcast Limited,69688734000,0.753,-151.07,40.65,4818723,0.6252,1
SASKEN.NS,Sasken Technologies Limited,20785639045,0.773,27.27,1378.55,23743,0.9496,1
PRAENG.NS,Prajay Engineers Syndicate Limited,1832317960,-0.129,-4.57,26.2,251842,1.3463,0
DODLA.NS,Dodla Dairy Limited,53852792040,0.18,33.46,905.2,469687,0.7663,0
TDPOWERSYS.NS,TD Power Systems Limited,46585511000,0.592,42.14,298.3,1692498,0.8759,0
MANORAMA.NS,Manorama Industries Limited,35625302250,0.361,89.87,597.75,10354,0.8557,0
AJMERA.NS,Ajmera Realty & Infra India Limited,23022603120,1.11,22.72,648.8,92808,1.6066,1
SREEL.NS,Sreeleathers Limited,6125655250,0.281,24.13,264.55,13375,0.6244,0
MEGASTAR.NS,Megastar Foods Limited,2647869735,-0.626,40.75,236.55,9421,0.1493,0
ANMOL.NS,Anmol India Limited,1989147795,0.979,9.66,34.95,216286,0.1322,1
TIMETECHNO.NS,Time Technoplast Limited,60851011350,1.108,20.1,268.15,1249549,2.3013,1
WEALTH.NS,Wealth First Portfolio Managers Limited,8502157250,-0.496,29.23,797.95,4114,1.1496,0
SOMICONVEY.NS,Somi Conveyor Beltings Limited,1435356445,0.517,32.89,121.85,11206,2.8192,0
HAL.NS,Hindustan Aeronautics Limited,2919135997500,0.837,41.96,4364.9,13757471,1.4683,3
OFSS.NS,Oracle Financial Services Software Limited,670181288070,0.376,30.63,7729.05,165847,1.7736,0
PSB.NS,Punjab & Sind Bank,386672919500,0.924,67.61,57.05,3845877,1.3996,1
PFIZER.NS,Pfizer Limited,222530692768,0.318,40.47,4864.3,42539,0.2264,0
BASF.NS,BASF India Limited,180607168618,0.249,32.52,4172.45,38919,0.4911,0
BBL.NS,Bharat Bijlee Limited,45780945930,0.585,73.17,4050.3,82173,1.5569,0
HATHWAY.NS,Hathway Cable and Datacom Limited,35313495000,0.776,36.61,19.95,4160199,0.5556,1
INDOSTAR.NS,IndoStar Capital Finance Limited,29460667462,0.098,25.97,215.75,115254,0.7584,0
PANSARI.NS,Pansari Developers Limited,1516126920,-0.656,53.43,86.9,1914,-0.0105,0
VCL.NS,Vaxtex Cotfab Limited,137813999,-0.178,7.5,0.7,506327,-0.5778,0
GODREJCP.NS,Godrej Consumer Products Limited,1459359576000,0.334,-252.79,1426.8,5508282,0.3101,0
ANANDRATHI.NS,Anand Rathi Wealth Limited,167037121240,0.562,74.08,3993.4,35272,3.534,0
RCF.NS,Rashtriya Chemicals and Fertilizers Limited,80325772800,0.81,37.89,145.6,5217405,0.3645,1
XPROINDIA.NS,Xpro India Limited,20242085290,0.29,44.25,918.65,22988,0.6342,0
DSSL.NS,Dynacons Systems & Solutions Limited,14126796720,0.963,27.59,1111.2,44338,2.3171,1
ESSARSHPNG.NS,Essar Shipping Limited,5590423380,0.934,-6.03,28.15,801200,1.5466,1
PAR.NS,Par Drugs and Chemicals Limited,2766074080,0.25,19.27,224.8,9803,0.5066,0
AHLEAST.NS,Asian Hotels (East) Limited,2404410885,-0.107,7.78,139.05,12727,0.3482,0
INDOWIND.NS,Indowind Energy Limited,2221834500,0.518,31.91,20.7,397405,1.226,0
CTE.NS,Cambridge Technology Enterprises Limited,1518457850,0.135,27.75,77.35,8583,0.5716,0
SILLYMONKS.NS,Silly Monks Entertainment Limited,187887920,0.212,-4.95,18.4,19034,-0.216,0
TALBROAUTO.NS,Talbros Automotive Components Limited,17083279350,0.645,16.3,276.75,225085,2.2327,1
BCLIND.NS,BCL Industries Limited,14018497729,1.222,15.07,49.15,1284507,0.4293,1
DYCL.NS,Dynamic Cables Limited,11960206200,0.331,32.73,543.3,117425,1.2056,0
TTL.NS,T.T. Limited,2129376900,0.686,47.28,99.05,9241,0.495,1
GROBTEA.NS,The Grob Tea Company Limited,996639859,0.989,-23.72,857.45,580,0.1959,1
KEEPLEARN.NS,DSJ Keep Learning Limited,498278400,0.257,167.5,3.2,99158,0.2,0
SHARIABEES.NS,Nippon India ETF Nifty 50 Shariah BeES,155736459,0.34355888,24.68,496.3,2981,0.2711,0
IBULHSGFIN.NS,Indiabulls Housing Finance Limited,122097586318,1.366,6.67,152.7,6423532,0.958,1
BBTC.NS,"The Bombay Burmah Trading Corporation, Limited",102351888705,0.71,15.37,1466.95,101807,0.9545,1
GAEL.NS,Gujarat Ambuja Exports Limited,62769126350,0.325,18.53,136.85,432880,0.3417,0
AURIONPRO.NS,Aurionpro Solutions Limited,60381780348,-0.196,37.65,2120.5,31559,6.2622,0
PARACABLES.NS,Paramount Communications Limited,22115597635,0.018,22.26,69.8,844872,1.2129,0
EKC.NS,Everest Kanto Cylinder Limited,13857688000,1.752,18.49,123.5,346690,0.4322,1
MOTILALOFS.NS,Motilal Oswal Financial Services Limited,334799886050,0.289,14.24,2243.05,302565,1.8743,0
ALLCARGO.NS,Allcargo Logistics Limited,63831690900,0.806,45.3,64.95,1346496,-0.1868,1
CREATIVE.NS,Creative Newtech Limited,8954439712,0.716,21.65,677.3,22679,0.5915,1
POCL.NS,Pondy Oxides And Chemicals Limited,7571350669,-0.147,24.44,648.8,31817,1.2806,0
RAJSREESUG.NS,Rajshree Sugars and Chemicals Limited,1906953722,0.436,14.58,57.55,177169,0.5411,0
TPHQ.NS,Teamo Productions HQ Limited,904281000,0.012,18.33,1.05,2670888,0.6101,0
DCMFINSERV.NS,DCM Financial Services Limited,118369285,1.47,-2.3,5.35,6851,0.2368,1
KPITTECH.NS,KPIT Technologies Limited,395507548800,0.914,66.94,1442.7,1530724,0.649,1
ASHIMASYN.NS,Ashima Limited,5721051000,0.871,6.29,29.85,1681063,0.4063,1
GLOBAL.NS,Global Education Limited,3548852580,0.017,9.65,174.3,54091,0.5399,0
RELAXO.NS,Relaxo Footwears Limited,200881326050,0.307,100.5,806.95,78625,-0.0254,0
NAHARCAP.NS,Nahar Capital and Financial Services Limited,4512263590,0.201,25.12,269.45,15299,0.1232,0
BLS.NS,BLS International Services Limited,124613413650,0.793,41.0,302.65,2472211,1.0497,1
GRAPHITE.NS,Graphite India Limited,105336970400,1.405,13.59,539.15,776359,1.3546,1
CHOICEIN.NS,Choice International Limited,70384837600,-0.065,55.53,353.65,927727,0.9466,0
IFBIND.NS,IFB Industries Limited,45595805640,1.077,100.29,1125.3,150075,1.1211,1
CARERATING.NS,CARE Ratings Limited,30263649675,1.243,30.84,1013.25,40459,0.804,1
TCPLPACK.NS,TCPL Packaging Limited,19090435000,1.139,19.12,2097.85,5766,0.6347,1
ATFL.NS,Agro Tech Foods Limited,17036577630,1.015,162.77,699.1,25291,-0.2025,1
KOPRAN.NS,Kopran Limited,11281280400,0.506,22.5,234.0,475368,1.5875,0
MAGNUM.NS,Magnum Ventures Limited,2850096920,0.475,9.78,48.4,96987,0.5491,0
VBL.NS,Varun Beverages Limited,1941348420000,0.564,94.75,1494.0,4244166,1.0453,3
MAHSEAMLES.NS,Maharashtra Seamless Limited,83564110176,0.688,9.0,623.65,323981,1.3322,1
ICRA.NS,ICRA Limited,52558185773,0.314,34.89,5445.75,2299,0.2485,0
BHARATRAS.NS,Bharat Rasayan Limited,42610423979,0.526,45.41,10254.55,17382,-0.0576,0
PCJEWELLER.NS,PC Jeweller Limited,22083419800,0.541,-3.64,47.45,1743420,0.9599,0
ALLSEC.NS,Allsec Technologies Limited,15325920225,1.103,24.64,1005.75,19225,0.6608,1
HINDMOTORS.NS,Hindustan Motors Limited,7094406000,1.108,28.52,34.0,2553957,0.2868,1
SHEMAROO.NS,Shemaroo Entertainment Limited,3706860745,0.633,-9.48,136.15,31288,0.3405,1
TEXMOPIPES.NS,Texmo Pipes and Products Limited,2151671500,0.566,48.6,73.7,75917,0.7861,0
UCOBANK.NS,UCO Bank,750259981424,1.145,40.54,54.45,25881534,1.1247,1
APOLLOTYRE.NS,Apollo Tyres Limited,298592735150,0.9,17.35,470.15,2206946,0.5026,1
BEML.NS,BEML Limited,153478722525,1.086,60.29,3685.45,1166385,1.5737,1
GALAXYSURF.NS,Galaxy Surfactants Limited,89514506300,0.502,29.92,2524.75,27366,-0.0324,0
CRAFTSMAN.NS,Craftsman Automation Limited,88518069265,-0.045,29.69,4189.55,123819,0.3697,0
EMIL.NS,Electronics Mart India Limited,82336232500,0.0,45.58,214.0,736697,1.8504,0
SHK.NS,S H Kelkar and Company Limited,26216937400,0.461,21.3,189.4,245330,1.1035,0
MTNL.NS,Mahanagar Telephone Nigam Limited,22333500000,1.012,-0.71,35.45,3778732,0.7447,1
VERANDA.NS,Veranda Learning Solutions Limited,10325215175,0.188,-12.93,149.05,211763,-0.0722,0
LGHL.NS,Laxmi Goldorna House Ltd,6905468115,-0.669,1571.5,330.85,2104,9.9208,4
MAHEPC.NS,Mahindra EPC Irrigation Limited,3685917690,0.651,221.92,131.95,40065,0.3981,0
SIMBHALS.NS,Simbhaoli Sugars Limited,1116596950,0.383,-9.71,27.05,148889,0.1786,0
TECHM.NS,Tech Mahindra Limited,1238166708000,0.57,48.64,1266.9,2709547,0.2056,0
TANLA.NS,Tanla Platforms Limited,116623881000,1.616,22.28,867.35,264344,0.56,1
LXCHEM.NS,Laxmi Organic Industries Limited,64537252500,0.107,53.94,233.45,593301,0.0482,0
AXISCADES.NS,Axiscades Technologies Limited,19212275600,0.806,63.7,458.0,328750,1.1109,1
HIRECT.NS,Hind Rectifiers Limited,10779739100,0.335,90.72,629.0,44343,2.0624,0
VHL.NS,Vardhman Holdings Limited,9182060580,0.35,5.18,2877.0,869,0.126,0
OSWALAGRO.NS,Oswal Agro Mills Limited,6033863250,0.126,135.74,44.95,140013,0.714,0
ICDSLTD.NS,ICDS Limited,467658530,1.5086738,22.77,35.9,197,1.0507,1
CHEMFAB.NS,Chemfab Alkalis Limited,7851660540,0.096,30.94,551.9,11004,2.0113,0
WANBURY.NS,Wanbury Limited,4685881050,0.4,8.68,143.1,78804,2.9367,0
WIPRO.NS,Wipro Limited,2358052327890,0.699,21.86,451.5,6132372,0.3241,3
TIMKEN.NS,Timken India Limited,292175757345,0.479,78.92,3884.35,69048,0.031,0
TEAMLEASE.NS,TeamLease Services Limited,48778729092,0.44,43.85,2910.35,16757,0.2262,0
DPSCLTD.NS,India Power Corporation Limited,16262293000,0.425,170.5,16.7,424051,0.4714,0
HINDCON.NS,Hindcon Chemicals Limited,2388041490,0.245,29.07,46.65,16521,-0.3465,0
ACCURACY.NS,Accuracy Shipping Limited,1249648000,0.454,-5.12,8.3,462521,-0.2903,0
JBCHEPHARM.NS,J. B. Chemicals & Pharmaceuticals Limited,276335380500,-0.041,50.63,1780.5,210806,0.699,0
APTECHT.NS,Aptech Limited,12491713740,0.678,44.04,215.4,141958,-0.0271,1
GICHSGFIN.NS,GIC Housing Finance Limited,11096019155,1.286,7.58,206.05,282462,0.3267,1
MGEL.NS,Mangalam Global Enterprise Limited,2934074600,0.121,14.96,20.35,104133,0.3566,0
KAKATCEM.NS,Kakatiya Cement Sugar and Industries Limited,1548552912,0.456,-120.38,199.2,6419,0.0765,0
ORIENTALTL.NS,Oriental Trimex Limited,298439435,1.183,-23.64,10.15,383965,0.4561,1
CANFINHOME.NS,Can Fin Homes Limited,99233018500,0.601,13.6,745.25,992502,0.4557,0
MATRIMONY.NS,Matrimony.com Limited,13106982400,0.782,27.73,588.8,38655,0.0393,1
ASAHISONG.NS,Asahi Songwon Colors Limited,4531038120,1.108,22.35,384.4,23414,0.7695,1
HDFCBANK.NS,HDFC Bank Limited,11800151006000,0.768,17.58,1551.8,40806442,-0.0803,2
ATGL.NS,Adani Total Gas Limited,1029697112500,1.334,161.99,936.25,6669589,0.0437,1
ALKEM.NS,Alkem Laboratories Limited,576919059750,0.341,31.99,4825.15,214472,0.5039,0
TECHNOE.NS,Techno Electric & Engineering Company Limited,131644941750,0.657,49.94,1223.25,1311094,1.2895,1
RESPONIND.NS,Responsive Industries Limited,80235978249,0.444,51.49,300.95,233590,1.2595,0
MSTCLTD.NS,MSTC Limited,52866880000,1.008,28.6,750.95,773415,2.4088,1
GENESYS.NS,Genesys International Corporation Limited,18100278540,0.339,89.77,457.4,135995,0.8896,0
JOCIL.NS,Jocil Limited,1575071953,0.853,19.12,177.35,14615,0.1125,1
IL&FSTRANS.NS,IL&FS Transportation Networks Limited,1348736000,0.679,0.0,4.1,14920,0.5455,1
SUPERSPIN.NS,Super Spinning Mills Limited,420750000,0.301,-6.3,7.65,222970,0.0984,0
ADANIPORTS.NS,Adani Ports and Special Economic Zone Limited,2926125644000,0.559,35.27,1354.6,20876747,1.0933,3
ABBOTINDIA.NS,Abbott India Limited,583785206295,0.056,48.0,27473.15,31201,0.2649,0
INDIACEM.NS,The India Cements Limited,60832781100,-0.126,-28.23,196.3,2617358,0.1933,0
ALICON.NS,Alicon Castalloy Limited,17173273890,0.792,28.47,1056.05,26869,0.2378,1
SATINDLTD.NS,Sat Industries Ltd,9739399992,1.116,0.0,88.85,320690,0.4615,1
REPRO.NS,Repro India Limited,9575616675,0.614,77.55,669.75,38613,1.3646,0
MHLXMIRU.NS,Mahalaxmi Rubtech Limited,2163355110,0.167,20.03,203.7,47896,-0.2404,0
LOVABLE.NS,Lovable Lingerie Limited,1738260000,1.154,42.54,117.45,15778,0.2972,1
BAGFILMS.NS,B.A.G. Films and Media Limited,1711634938,0.046,30.54,8.2,127007,1.3286,0
CONSUMBEES.NS,NIP IND ETF CONSUMPTION,453521915,0.8535581,0.0,119.73,406710,0.4434,1
CHAMBLFERT.NS,Chambal Fertilisers and Chemicals Limited,156494671200,0.722,13.0,390.6,2891975,0.35,1
STARCEMENT.NS,Star Cement Limited,85524488000,0.352,29.57,211.6,289224,1.0574,0
GHCL.NS,GHCL Limited,47925277400,0.283,5.87,500.5,175040,-0.0996,0
VIDHIING.NS,Vidhi Specialty Food Ingredients Limited,23239408500,0.18,64.36,465.3,167256,0.3952,0
PRECOT.NS,Precot Limited,4800000000,0.688,29.09,400.0,17382,0.7389,1
HNGSNGBEES.NS,Nippon India ETF Hang Seng BeES,3846596610,0.21050619,11.61,303.35,81475,-0.1462,0
LYPSAGEMS.NS,Lypsa Gems & Jewellery Limited,162162000,0.483,-0.52,5.5,35333,0.5797,0
APOLLOHOSP.NS,Apollo Hospitals Enterprise Limited,853313650250,0.554,94.94,5934.65,487265,0.4763,0
SKFINDIA.NS,SKF India Limited,300553377200,0.474,54.84,6079.4,58384,0.0365,0
VSTTILLERS.NS,V.S.T. Tillers Tractors Limited,29916964484,1.069,25.71,3462.8,64277,0.4498,1
UNIVCABLES.NS,Universal Cables Limited,21854632460,0.864,20.98,629.9,47533,0.3443,1
DIVOPPBEES.NS,Nippon India Mutual Fund - Nippon India ETF Dividend Opportunities,431168710,0.65549934,0.0,75.34,162108,0.437,1
TNTELE.NS,Tamilnadu Telecommunications Limited,413413050,-0.039,-2.87,9.05,9241,0.8091,0
GREENLAM.NS,Greenlam Industries Limited,77058927104,0.833,52.3,547.3,47284,0.6795,1
MAITHANALL.NS,Maithan Alloys Limited,33024199040,0.51,9.74,1134.4,123459,0.2031,0
DECCANCE.NS,Deccan Cements Limited,7998982875,0.326,22.07,571.05,10397,0.448,0
HMVL.NS,Hindustan Media Ventures Limited,6737267820,0.691,70.93,91.45,44386,1.5064,1
UNIVPHOTO.NS,Universus Photo Imagings Limited,3533015150,0.711,-1.86,322.75,1881,-0.1067,1
BERGEPAINT.NS,Berger Paints India Limited,553813290000,0.334,47.44,475.05,6311252,0.2036,0
AIAENG.NS,AIA Engineering Limited,345245676140,0.405,31.02,3660.35,118689,0.3463,0
SPARC.NS,Sun Pharma Advanced Research Company Limited,68149620000,0.74,-17.84,210.0,697931,1.0558,1
SIS.NS,SIS Limited,58627085000,0.188,31.37,406.85,55161,0.2477,0
LGBBROSLTD.NS,L.G. Balakrishnan & Bros Limited,37815285040,0.275,14.14,1204.6,34983,0.7048,0
LAOPALA.NS,La Opala RG Limited,33893850000,0.463,26.91,305.35,114407,-0.1196,0
SALASAR.NS,Salasar Techno Engineering Limited,32702992205,0.84,82.5,19.2,6673117,1.5406,1
5PAISA.NS,5paisa Capital Limited,15880171085,1.24,31.11,509.05,51430,0.8226,1
TAKE.NS,TAKE Solutions Limited,2966076700,0.772,-2.53,20.05,198026,0.566,1
SHIVATEX.NS,Shiva Texyarn Limited,2164770900,0.381,-21.1,167.0,41290,0.1878,0
PPLPHARMA.NS,Piramal Pharma Limited,193426662380,2.067115,1047.86,145.9,2355918,0.9054,4
RHIM.NS,RHI Magnesita India Limited,135320105300,0.849,-138.1,655.3,211062,-0.0899,1
EIDPARRY.NS,E.I.D.- Parry (India) Limited,123028849900,0.597,14.0,693.05,1382141,0.1756,0
TCI.NS,Transport Corporation of India Limited,66226481955,0.145,19.51,851.85,28723,0.3137,0
PRUDENT.NS,Prudent Corporate Advisory Services Limited,63826326886,0.497,47.82,1541.45,71981,0.4956,0
SUNDARMHLD.NS,Sundaram Finance Holdings Limited,58213458400,0.476,11.02,262.1,181165,1.6412,0
DOLLAR.NS,Dollar Industries Limited,30340277695,0.709,34.56,534.95,121432,0.4965,1
E2E.NS,E2E Networks Limited,21882311400,0.718,112.48,1510.5,34355,4.5649,1
PRITI.NS,Priti International Limited,1937088578,-0.871,18.02,138.3,47877,0.1597,0
VOLTAS.NS,Voltas Limited,482992834500,0.379,192.29,1459.7,1929913,0.3559,0
IEX.NS,Indian Energy Exchange Limited,139564285946,0.59,41.91,156.95,16870068,0.067,0
JUBLPHARMA.NS,Jubilant Pharmova Limited,109903890000,1.581,145.92,690.0,340676,1.0751,1
JUBLINGREA.NS,Jubilant Ingrevia Limited,77211464750,0.32,43.13,484.75,194667,0.2645,0
EPL.NS,EPL Limited,56989841000,0.727,27.25,179.0,696961,0.1397,1
HERITGFOOD.NS,Heritage Foods Limited,50713014000,0.712,51.86,546.5,12632492,1.3137,1
GTPL.NS,GTPL Hathway Limited,17802892900,1.02,17.36,158.3,45646,0.7788,1
GRMOVER.NS,GRM Overseas Limited,7890000000,0.518,13.26,131.5,57992,-0.3689,0
GTL.NS,GTL Limited,1887564000,0.762,0.9,12.0,41275,0.9479,1
AKASH.NS,Akash Infra-Projects Limited,578383750,0.67,-92.63,34.3,20037,0.3462,1
AFFLE.NS,Affle (India) Limited,155099195800,1.199,52.7,1106.2,251989,0.0795,1
AAATECH.NS,AAA Technologies Limited,1287169380,0.083,41.5,100.35,15453,0.7421,0
LAXMICOT.NS,Laxmi Cotspin Limited,485279910,-0.308,-6.17,28.3,30746,0.4711,0
GICRE.NS,General Insurance Corporation of India,605531160000,1.119,9.32,345.15,1162680,1.4622,1
AMBER.NS,Amber Enterprises India Limited,122495131035,-0.1,95.24,3635.55,65748,0.9987,0
DCBBANK.NS,DCB Bank Limited,40467011750,0.685,7.67,129.25,3793981,0.112,1
JITFINFRA.NS,JITF Infralogistics Limited,19708311975,0.928,56.88,766.75,6250,5.8582,1
ICEMAKE.NS,Ice Make Refrigeration Limited,11433181635,0.213,44.14,724.55,184497,0.8269,0
KILITCH.NS,Kilitch Drugs (India) Limited,5226747500,0.304,36.1,325.0,6450,1.811,0
HISARMETAL.NS,Hisar Metal Industries Limited,989010000,0.853,15.69,183.15,9463,0.4031,1
AMBICAAGAR.NS,Ambica Agarbathies Aroma & Industries Limited,428576130,0.362,-11.5,24.95,14624,0.3117,0
HAVISHA.NS,Sri Havisha Hospitality and Infrastructure Limited,374170849,0.849,-33.57,2.3,27888,0.3235,1
KSHITIJPOL.NS,Kshitij Polyline Limited,298075658,-0.432,0.0,5.6,111996,-0.73,0
JKCEMENT.NS,J.K. Cement Limited,302736257005,0.594,38.31,3918.85,155645,0.3729,0
KANSAINER.NS,Kansai Nerolac Paints Limited,220606902000,0.276,18.76,272.9,1003574,0.0377,0
GANDHITUBE.NS,Gandhi Special Tubes Limited,9025898000,0.647,16.48,742.75,6021,0.5418,1
HTMEDIA.NS,HT Media Limited,5585952000,0.343,-7.11,24.0,388525,0.7459,0
PRAXIS.NS,Praxis Home Retail Limited,1909574500,0.387,-2.65,15.25,56748,0.1941,0
CAPTRUST.NS,Capital Trust Limited,1798117860,1.661,87.05,109.9,27628,0.7728,1
LOTUSEYE.NS,Lotus Eye Hospital and Institute Limited,1133398350,0.297,39.46,54.5,18447,-0.026,0
IOC.NS,Indian Oil Corporation Limited,2248801100000,0.772,5.45,159.25,36915645,1.3642,3
ZYDUSLIFE.NS,Zydus Lifesciences Limited,1055183089500,0.554,27.82,1048.65,2720155,1.0579,0
BALMLAWRIE.NS,Balmer Lawrie & Co. Ltd.,39245418000,0.788,16.08,229.5,1843540,1.1955,1
ADORWELD.NS,Ador Welding Limited,16043510300,0.616,26.04,1179.8,15219,0.497,0
HESTERBIO.NS,Hester Biosciences Limited,15382170945,0.546,79.2,1721.25,2164,-0.1067,0
AMBIKCO.NS,Ambika Cotton Mills Limited,8627002500,0.615,13.83,1506.9,14451,0.054,1
GENUSPAPER.NS,Genus Paper & Boards Limited,5001100681,0.459,154.62,19.45,513190,0.3727,0
SOFTTECH.NS,SoftTech Engineers Limited,3743188771,0.02,98.11,306.3,3415,0.7529,0
DCMNVL.NS,DCM Nouvelle Limited,3595457250,0.953,-91.64,192.5,60339,0.3957,1
ROLLT.NS,Rollatainers Limited,1187959224,1.789,-6.86,4.0,237104,0.55,1
INDRAMEDCO.NS,Indraprastha Medical Corporation Limited,21181046650,0.744,17.5,231.05,201334,1.2702,1
GPTINFRA.NS,GPT Infraprojects Limited,13952554200,0.978,25.27,239.85,142714,2.6504,1
APCL.NS,Anjani Portland Cement Limited,4855654440,0.408,-12.99,165.3,25746,0.1338,0
BRITANNIA.NS,Britannia Industries Limited,1321558412200,0.482,60.67,5486.65,1188909,0.1654,0
UNIONBANK.NS,Union Bank of India,1075957329500,1.191,7.72,140.95,38996648,1.3428,1
YESBANK.NS,Yes Bank Limited,656286800502,0.581,52.61,22.65,213777074,0.5467,0
DATAPATTNS.NS,Data Patterns (India) Limited,138607912125,0.601,82.32,2475.85,842950,0.7816,0
JSWHL.NS,JSW Holdings Limited,72359402360,0.654,47.42,6519.1,2683,0.8792,1
SHAREINDIA.NS,Share India Securities Limited,61232775344,0.773,13.99,1497.55,158252,0.5409,1
ARTEMISMED.NS,Artemis Medicare Services Limited,23933992550,0.883,76.62,174.85,102214,1.5921,1
JINDALPOLY.NS,Jindal Poly Films Limited,21137884600,0.394,30.13,482.75,20917,-0.0879,0
TVTODAY.NS,T.V. Today Network Limited,13106207990,0.263,23.34,219.65,163179,0.2183,0
DWARKESH.NS,Dwarikesh Sugar Industries Limited,12507817500,0.916,15.5,67.5,793398,-0.1676,1
VIPCLOTHNG.NS,VIP Clothing Limited,2614179225,0.493,-22.03,31.65,133282,-0.0923,0
BROOKS.NS,Brooks Laboratories Limited,1937006460,1.378,-9.78,73.8,55617,0.4964,1
FORTIS.NS,Fortis Healthcare Limited,334635133500,0.634,56.61,443.25,2323667,0.6076,0
SHARDAMOTR.NS,Sharda Motor Industries Limited,47580966060,1.375,16.09,1600.35,96089,1.4912,1
ELDEHSG.NS,Eldeco Housing and Industries Limited,8885590450,0.96,26.66,903.65,5334,0.4232,1
NATHBIOGEN.NS,Nath Bio-Genes (India) Limited,3516690200,1.29,10.06,185.05,106265,0.2354,1
SADBHIN.NS,Sadbhav Infrastructure Project Limited,2042905000,1.103,-0.39,5.8,410764,1.339,1
ASALCBR.NS,Associated Alcohols & Breweries Limited,10024916400,0.214,20.15,554.5,56511,0.4773,0
GOACARBON.NS,Goa Carbon Limited,6744323850,1.616,8.22,737.0,48495,0.8807,1
SADBHAV.NS,Sadbhav Engineering Limited,4306432100,1.517,-0.7,25.1,846728,2.3647,1
RAMCOCEM.NS,The Ramco Cements Limited,179948172600,0.26,49.21,761.55,510210,0.0812,0
MINDACORP.NS,Minda Corporation Limited,100389272100,0.847,45.85,419.9,354165,0.9493,1
GEECEE.NS,GeeCee Ventures Limited,6649920600,0.663,18.47,318.0,54131,1.0854,1
ALBERTDAVD.NS,Albert David Limited,6109800138,0.328,8.34,1070.55,10794,1.0809,0
ALANKIT.NS,Alankit Limited,5400558397,1.049,20.68,18.95,1836717,1.415,1
SABTNL.NS,SRI ADHIKARI BROS,4483426770,0.162,0.0,176.7,21,1.3438,0
NOIDATOLL.NS,Noida Toll Bridge Company Limited,1806091500,0.226,-5.97,9.7,198060,0.1119,0
NKIND.NS,N.K Industries Limited,268943025,-0.29,-26.78,44.75,345,0.5611,0
BAJAJELEC.NS,Bajaj Electricals Limited,107143799600,0.58,81.27,930.1,81920,-0.1746,0
IFBAGRO.NS,IFB Agro Industries Limited,3874705052,0.636,-49.49,413.65,9516,-0.0602,1
SHRENIK.NS,Shrenik Limited,581400000,2.103,-95.0,0.95,1858563,-0.0526,1
3PLAND.NS,3P Land Holdings Ltd,532800000,1.0751429,0.0,29.6,16184,0.295,1
AARVEEDEN.NS,Aarvee Denims and Exports Ltd.,523153540,0.939,-1.0,22.3,30083,0.3324,1
KHAITANLTD.NS,Khaitan (India) Limited,323000000,-0.016,109.45,68.0,5691,0.3527,0
CERA.NS,Cera Sanitaryware Limited,89939520472,-0.083,38.91,6915.3,16893,0.0581,0
PAISALO.NS,Paisalo Digital Limited,56307358800,0.961,16.96,62.7,1392135,1.2741,1
DREDGECORP.NS,Dredging Corporation of India Limited,23620800000,1.119,69.25,843.6,18198,1.3934,1
SBGLP.NS,Suratwwala Business Group Limited,19804107200,0.264,749.69,114.2,1519649,3.8213,4
TREJHARA.NS,Trejhara Solutions Limited,2307365567,0.618,14.39,158.95,15085,2.0373,1
MITCON.NS,MITCON Consultancy & Engineering Services Limited,1674833230,-0.034,36.77,124.7,26063,0.6874,0
LFIC.NS,Lakshmi Finance & Industrial Corporation Limited,570900000,0.423,5.69,190.3,11977,0.3405,0
SECURCRED.NS,SecUR Credentials Limited,568719780,-0.34,-3.0,13.85,422749,-0.2842,0
SGL.NS,STL Global Limited,415908405,0.425,-15.68,15.15,12607,0.1367,0
MPHASIS.NS,Mphasis Limited,446468741108,0.705,29.9,2362.1,962806,0.4098,1
MOREPENLAB.NS,Morepen Laboratories Limited,22925929650,1.252,24.71,44.85,3141926,0.608,1
COMPUSOFT.NS,Compucom Software Limited,2069123980,1.073,41.64,26.15,150043,0.3533,1
UNITEDPOLY.NS,United Polyfab Gujarat Limited,2040591049,0.091,22.75,82.05,2680,0.1761,0
TVVISION.NS,TV Vision Limited,267337050,0.739,-1.14,6.9,19652,1.2791,1
SUZLON.NS,Suzlon Energy Limited,659108955000,1.248,100.0,48.45,81242576,4.0186,1
KCP.NS,The KCP Limited,25945351049,0.498,15.59,201.25,3422091,0.7218,0
FEL.NS,Future Enterprises Limited,544134047,1.272,-0.01,0.7,751730,0.0909,1
HINDZINC.NS,Hindustan Zinc Limited,2859907841323,0.74,38.15,676.85,1762307,0.0581,3
CHEMPLASTS.NS,Chemplast Sanmar Limited,75426172277,0.075,-48.4,477.05,126225,0.2924,0
VSTIND.NS,VST Industries Limited,63023026470,0.375,21.2,4081.3,27628,0.1739,0
ATULAUTO.NS,Atul Auto Limited,14704026305,0.257,157.78,529.85,168734,0.5078,0
NIBL.NS,NRB Industrial Bearings Limited,764478585,0.429,-3.03,31.55,10839,1.0152,0
SPTL.NS,Sintex Plastics Technology Limited,524824824,0.818,-0.11,0.75,1475483,-0.5,1
ADANIPOWER.NS,Adani Power Limited,2802645451000,0.612,15.19,726.65,34532277,1.8028,3
HDFCAMC.NS,HDFC Asset Management Company Limited,791043613600,0.66,41.74,3705.4,958334,1.2763,1
PGHL.NS,Procter & Gamble Health Limited,82659202210,0.447,38.39,4979.65,14485,0.0452,0
ARVSMART.NS,Arvind SmartSpaces Limited,26513438400,0.407,67.14,583.2,178171,1.5954,0
BHAGERIA.NS,Bhageria Industries Limited,6592456410,0.871,36.22,151.05,40797,0.2724,1
REMSONSIND.NS,Remsons Industries Limited,6100019644,1.145,44.49,846.25,11308,4.0368,1
TRIGYN.NS,Trigyn Technologies Limited,3455694825,0.958,17.69,112.25,110527,0.0236,1
IFCI.NS,IFCI Limited,159115432796,0.66,134.88,52.85,47990487,3.0667,0
RAMCOIND.NS,Ramco Industries Limited,19319365205,0.54,18.22,222.55,104252,0.5525,0
NELCAST.NS,Nelcast Limited,11810412900,0.592,22.02,135.75,79734,0.4483,0
SUPREMEINF.NS,Supreme Infrastructure India Limited,2601963000,1.229,-0.2,101.25,1030,1.7766,1
PNC.NS,Pritish Nandy Communications Ltd,870190050,1.283,36.32,60.15,45439,0.661,1
ORTINLAB.NS,Ortin Laboratories Limited,140673047,1.271,-3.45,17.3,24035,0.0293,1
BAJAJHLDNG.NS,Bajaj Holdings & Investment Limited,895794276600,0.613,12.44,8048.9,26428,0.4102,1
STARHEALTH.NS,Star Health and Allied Insurance Company Limited,292235852703,-0.096,34.9,499.25,4524235,0.0313,0
TATACHEM.NS,Tata Chemicals Limited,265735983600,1.018,95.95,1043.1,832899,0.1421,1
WHIRLPOOL.NS,Whirlpool of India Limited,195014951200,0.419,90.25,1537.1,126393,-0.057,0
APLLTD.NS,Alembic Pharmaceuticals Limited,175334196000,0.688,28.33,892.0,49977,1.0709,1
VISHNU.NS,Vishnu Chemicals Limited,21374972314,0.8,21.28,326.2,326352,0.1709,1
SATIA.NS,Satia Industries Limited,10810000000,-0.098,5.27,108.1,204557,0.0167,0
FRETAIL.NS,Future Retail Limited,1301481600,1.496,-0.04,2.4,1151814,-0.0238,1
HATSUN.NS,Hatsun Agro Product Limited,226991349400,0.299,86.35,1019.05,37064,0.253,0
TPLPLASTEH.NS,TPL Plastech Limited,6489849600,0.759,33.43,83.2,449248,1.28,1
BHANDARI.NS,Bhandari Hosiery Exports Limited,1209441200,1.254,19.0,7.4,499036,0.8073,1
AKSHAR.NS,Akshar Spintex Limited,782968735,0.819,21.25,2.5,1014622,-0.554,1
VENUSPIPES.NS,Venus Pipes and Tubes Limited,41249813964,-0.929,49.38,2032.4,58807,1.5938,0
TASTYBITE.NS,Tasty Bite Eatables Limited,26761840400,0.348,65.07,10429.4,1752,0.5288,0
IGPL.NS,I G Petrochemicals Limited,14675309595,1.092,37.99,476.55,40300,0.0502,1
RAMAPHO.NS,Rama Phosphates Limited,2821180740,0.814,-9.33,159.45,13912,-0.0766,1
SUPERHOUSE.NS,Superhouse Limited,2197282500,0.629,16.23,199.3,13558,-0.1687,1
RELCHEMQ.NS,Reliance Chemotex Industries Limited,1527570900,0.377,49.59,202.5,20493,0.2284,0
WEWIN.NS,We Win Limited,729946884,1.209,26.34,68.0,32623,0.7277,1
EDELWEISS.NS,Edelweiss Financial Services Limited,64702320770,0.847,14.79,65.95,8997740,1.1349,1
DEEPINDS.NS,Deep Industries Limited,17478400000,-0.272,14.44,273.1,95766,1.2736,0
DVL.NS,Dhunseri Ventures Limited,10969767360,0.686,7.41,313.2,86421,0.4848,1
HINDUNILVR.NS,Hindustan Unilever Limited,6115395372500,0.068,58.3,2602.75,11060327,-0.0987,3
SONATSOFTW.NS,Sonata Software Limited,143956173750,0.979,47.26,513.35,885091,0.9316,1
MTARTECH.NS,MTAR Technologies Limited,51065549940,-0.275,95.32,1660.15,520235,0.0814,0
KAMDHENU.NS,Kamdhenu Limited,12954628725,1.784,27.13,480.95,84371,0.7328,1
CINELINE.NS,Cineline India Limited,4014308760,0.63,-85.18,117.15,91886,0.2901,1
APOLSINHOT.NS,Apollo Sindoori Hotels Limited,3921143160,-0.153,35.29,1507.9,3529,0.5306,0
LYKALABS.NS,Lyka Labs Limited,3348707836,1.154,-138.48,109.05,72962,0.0163,1
UNIVASTU.NS,Univastu India Limited,2071766580,0.259,45.01,182.3,10598,0.7577,0
ARCHIES.NS,Archies Limited,803964000,0.735,-10.14,23.8,27647,0.6943,1
DALBHARAT.NS,Dalmia Bharat Limited,325423912200,0.619,39.87,1735.15,545659,0.0089,0
BLUEDART.NS,Blue Dart Express Limited,168579611130,0.283,56.58,7104.7,12660,0.0174,0
ASTRAMICRO.NS,Astra Microwave Products Limited,71412881750,0.748,60.95,752.15,955182,1.6053,1
FAIRCHEMOR.NS,Fairchem Organics Limited,16158285855,-0.195,40.48,1240.95,10326,0.3147,0
RAMCOSYS.NS,Ramco Systems Limited,10475376275,1.253,-4.53,295.75,38809,0.3515,1
SEJALLTD.NS,Sejal Glass Limited,3233515000,-1.264,98.17,320.15,4530,0.6127,0
AKSHOPTFBR.NS,Aksh Optifibre Limited,1350393400,0.951,-1.92,8.3,128055,-0.0473,1
KRIDHANINF.NS,Kridhan Infra Limited,369638880,1.54,-1.26,3.9,3541,1.7059,1
TEGA.NS,Tega Industries Limited,98226342411,0.506,51.04,1476.3,56761,0.7735,0
ITDCEM.NS,ITD Cementation India Limited,69410941400,0.853,26.45,404.05,1913128,2.214,1
KRBL.NS,KRBL Limited,61640077000,0.752,10.96,269.3,1415296,-0.2121,1
SHANTIGEAR.NS,Shanthi Gears Limited,41253975225,0.439,50.48,537.75,55907,0.4856,0
RAMKY.NS,Ramky Infrastructure Limited,32868955000,0.421,11.02,475.0,113130,0.6471,0
HLEGLAS.NS,HLE Glascoat Limited,28483779875,0.714,64.81,417.25,36529,-0.1364,1
NITIRAJ.NS,Nitiraj Engineers Limited,2424874050,-0.17,53.85,236.55,12046,1.4743,0
BVCL.NS,Barak Valley Cements Limited,1114648000,0.77,16.15,50.3,15511,1.2833,1
BIOFILCHEM.NS,Biofil Chemicals and Pharmaceuticals Limited,928420290,2.392,136.7,57.05,52114,0.4259,1
ASAL.NS,Automotive Stampings and Assemblies Limited,13161899460,1.038,68.73,829.65,167594,1.216,1
VINYLINDIA.NS,Vinyl Chemicals (India) Limited,6408816450,0.327,30.1,349.5,54943,-0.0559,0
NILAINFRA.NS,Nila Infrastructures Limited,3761639950,1.042,34.48,9.55,1006279,1.1684,1
EUROTEXIND.NS,Eurotex Industries and Exports Limited,105873427,0.209,-1.64,12.1,3030,0.0308,0
CGPOWER.NS,CG Power and Industrial Solutions Limited,958653780500,1.323,114.58,627.65,10673669,0.7627,1
CMSINFO.NS,CMS Info Systems Limited,70703943120,0.216,20.9,434.4,927506,0.4322,0
UEL.NS,Ujaas Energy Limited,19607046200,1.044,0.0,186.2,280,0.2857,1
TIL.NS,TIL Limited,16250912156,1.223,1.12,244.0,453,3.1327,1
FLEXITUFF.NS,Flexituff Ventures International Limited,866547367,2.008,-0.47,30.3,9336,0.7062,1
KSB.NS,KSB Limited,154758959580,0.414,73.73,4446.1,67866,0.856,0
SANSERA.NS,Sansera Engineering Limited,54202235893,0.351,29.41,1010.95,161495,0.4081,0
SHREERAMA.NS,Shree Rama Multi-Tech Limited,3069763977,0.521,27.38,23.0,15783,1.6761,0
RHFL.NS,Reliance Home Finance Limited,1574839500,1.833,0.03,3.25,325633,0.2292,1
OBCL.NS,Orissa Bengal Carrier Limited,1095251460,0.124,31.69,51.95,42238,-0.0835,0
SEYAIND.NS,Seya Industries Limited,567280175,0.64,-4.32,21.35,6927,-0.0949,1
ALPA.NS,Alpa Laboratories Limited,1677987850,0.859,10.27,79.75,45981,0.601,1
KAUSHALYA.NS,Kaushalya Infrastructure Development Corporation Limited,244370829,-0.033,1.54,705.65,256,0.535,0
INFY.NS,Infosys Limited,5937632188570,0.542,22.79,1430.1,9232441,0.0812,3
EICHERMOT.NS,Eicher Motors Limited,1254696369000,0.587,31.58,4579.0,468019,0.3925,0
LEMONTREE.NS,Lemon Tree Hotels Limited,110993664600,0.683,74.84,140.1,3048668,0.6802,1
INDOBORAX.NS,Indo Borax & Chemicals Limited,4914583500,1.418,13.06,153.15,83976,0.5431,1
MODISONLTD.NS,Modison Limited,3950787500,0.392,19.0,121.75,17845,1.1833,0
MANGALAM.NS,Mangalam Drugs & Organics Limited,1589151280,0.732,-17.78,100.4,37297,-0.0505,1
INDIGO.NS,InterGlobe Aviation Limited,1678429681500,0.57,20.3,4348.5,1729808,0.9344,3
COROMANDEL.NS,Coromandel International Limited,403328021400,0.401,24.67,1369.8,581274,0.2555,0
UPL.NS,UPL Limited,396658797600,0.943,-30.26,528.45,3689353,-0.339,1
KIOCL.NS,KIOCL Limited,246047992350,1.152,-308.41,404.85,235078,1.248,1
BFINVEST.NS,BF Investment Limited,20361221180,0.341,25.81,540.55,46688,0.2786,0
BIRLAMONEY.NS,Aditya Birla Money Limited,7185144780,0.556,21.69,127.15,203456,1.1027,0
NAGAFERT.NS,Nagarjuna Fertilizers and Chemicals Limited,5980650000,0.427,-0.48,10.0,1739879,-0.0272,0
IRISDOREME.NS,Iris Clothings Limited,5856769080,-0.078,61.5,71.8,130478,0.1768,0
TCLCONS.NS,Tantia Constructions Limited,5293250000,0.466,-24.83,34.15,56813,3.0294,0
